ISO-10303-21;
HEADER;
FILE_DESCRIPTION((''),'2;1');
FILE_NAME('395221003','2015-02-09T',('me'),(''),
'PRO/ENGINEER BY PARAMETRIC TECHNOLOGY CORPORATION, 2011490',
'PRO/ENGINEER BY PARAMETRIC TECHNOLOGY CORPORATION, 2011490','');
FILE_SCHEMA(('CONFIG_CONTROL_DESIGN'));
ENDSEC;
DATA;
#1=DIRECTION('',(0.E0,0.E0,-1.E0));
#2=VECTOR('',#1,4.7E-1);
#3=CARTESIAN_POINT('',(-3.345E-1,0.E0,0.E0));
#4=LINE('',#3,#2);
#5=DIRECTION('',(0.E0,1.E0,0.E0));
#6=VECTOR('',#5,3.1E-1);
#7=CARTESIAN_POINT('',(-3.345E-1,0.E0,-4.7E-1));
#8=LINE('',#7,#6);
#9=DIRECTION('',(0.E0,0.E0,1.E0));
#10=VECTOR('',#9,3.7E-1);
#11=CARTESIAN_POINT('',(-3.345E-1,3.1E-1,-4.7E-1));
#12=LINE('',#11,#10);
#13=DIRECTION('',(0.E0,1.E0,0.E0));
#14=VECTOR('',#13,2.E-2);
#15=CARTESIAN_POINT('',(-3.345E-1,3.1E-1,-1.E-1));
#16=LINE('',#15,#14);
#17=DIRECTION('',(0.E0,0.E0,1.E0));
#18=VECTOR('',#17,5.E-2);
#19=CARTESIAN_POINT('',(-3.345E-1,3.3E-1,-1.E-1));
#20=LINE('',#19,#18);
#21=DIRECTION('',(0.E0,-1.961161351382E-1,9.805806756909E-1));
#22=VECTOR('',#21,5.099019513593E-2);
#23=CARTESIAN_POINT('',(-3.345E-1,3.3E-1,-5.E-2));
#24=LINE('',#23,#22);
#25=DIRECTION('',(0.E0,-1.E0,0.E0));
#26=VECTOR('',#25,3.2E-1);
#27=CARTESIAN_POINT('',(-3.345E-1,3.2E-1,0.E0));
#28=LINE('',#27,#26);
#29=DIRECTION('',(0.E0,0.E0,1.E0));
#30=VECTOR('',#29,1.3E-1);
#31=CARTESIAN_POINT('',(-1.47E-1,0.E0,-4.7E-1));
#32=LINE('',#31,#30);
#33=DIRECTION('',(1.E0,0.E0,0.E0));
#34=VECTOR('',#33,1.E-1);
#35=CARTESIAN_POINT('',(-2.47E-1,0.E0,-3.4E-1));
#36=LINE('',#35,#34);
#37=DIRECTION('',(0.E0,0.E0,1.E0));
#38=VECTOR('',#37,1.3E-1);
#39=CARTESIAN_POINT('',(-2.47E-1,0.E0,-4.7E-1));
#40=LINE('',#39,#38);
#41=DIRECTION('',(1.E0,0.E0,0.E0));
#42=VECTOR('',#41,6.69E-1);
#43=CARTESIAN_POINT('',(-3.345E-1,0.E0,0.E0));
#44=LINE('',#43,#42);
#45=DIRECTION('',(0.E0,0.E0,1.E0));
#46=VECTOR('',#45,1.3E-1);
#47=CARTESIAN_POINT('',(2.47E-1,0.E0,-4.7E-1));
#48=LINE('',#47,#46);
#49=DIRECTION('',(1.E0,0.E0,0.E0));
#50=VECTOR('',#49,1.E-1);
#51=CARTESIAN_POINT('',(1.47E-1,0.E0,-3.4E-1));
#52=LINE('',#51,#50);
#53=DIRECTION('',(0.E0,0.E0,1.E0));
#54=VECTOR('',#53,1.3E-1);
#55=CARTESIAN_POINT('',(1.47E-1,0.E0,-4.7E-1));
#56=LINE('',#55,#54);
#57=DIRECTION('',(0.E0,0.E0,1.E0));
#58=VECTOR('',#57,1.3E-1);
#59=CARTESIAN_POINT('',(5.E-2,0.E0,-4.7E-1));
#60=LINE('',#59,#58);
#61=DIRECTION('',(1.E0,0.E0,0.E0));
#62=VECTOR('',#61,1.E-1);
#63=CARTESIAN_POINT('',(-5.E-2,0.E0,-3.4E-1));
#64=LINE('',#63,#62);
#65=DIRECTION('',(0.E0,0.E0,1.E0));
#66=VECTOR('',#65,1.3E-1);
#67=CARTESIAN_POINT('',(-5.E-2,0.E0,-4.7E-1));
#68=LINE('',#67,#66);
#69=DIRECTION('',(0.E0,0.E0,1.E0));
#70=VECTOR('',#69,1.E-2);
#71=CARTESIAN_POINT('',(-1.47E-1,2.E-1,-4.7E-1));
#72=LINE('',#71,#70);
#73=DIRECTION('',(0.E0,-1.E0,0.E0));
#74=VECTOR('',#73,1.9E-1);
#75=CARTESIAN_POINT('',(-1.47E-1,2.E-1,-4.6E-1));
#76=LINE('',#75,#74);
#77=DIRECTION('',(0.E0,0.E0,1.E0));
#78=VECTOR('',#77,1.1E-1);
#79=CARTESIAN_POINT('',(-1.47E-1,1.E-2,-4.6E-1));
#80=LINE('',#79,#78);
#81=DIRECTION('',(0.E0,-7.071067811865E-1,7.071067811865E-1));
#82=VECTOR('',#81,1.414213562373E-2);
#83=CARTESIAN_POINT('',(-1.47E-1,1.E-2,-3.5E-1));
#84=LINE('',#83,#82);
#85=DIRECTION('',(0.E0,1.E0,0.E0));
#86=VECTOR('',#85,2.E-1);
#87=CARTESIAN_POINT('',(-1.47E-1,0.E0,-4.7E-1));
#88=LINE('',#87,#86);
#89=DIRECTION('',(1.E0,0.E0,0.E0));
#90=VECTOR('',#89,9.7E-2);
#91=CARTESIAN_POINT('',(-1.47E-1,0.E0,-4.7E-1));
#92=LINE('',#91,#90);
#93=DIRECTION('',(0.E0,1.E0,0.E0));
#94=VECTOR('',#93,2.E-1);
#95=CARTESIAN_POINT('',(-5.E-2,0.E0,-4.7E-1));
#96=LINE('',#95,#94);
#97=DIRECTION('',(1.E0,0.E0,0.E0));
#98=VECTOR('',#97,1.E-1);
#99=CARTESIAN_POINT('',(-5.E-2,2.E-1,-4.7E-1));
#100=LINE('',#99,#98);
#101=DIRECTION('',(0.E0,1.E0,0.E0));
#102=VECTOR('',#101,2.E-1);
#103=CARTESIAN_POINT('',(5.E-2,0.E0,-4.7E-1));
#104=LINE('',#103,#102);
#105=DIRECTION('',(1.E0,0.E0,0.E0));
#106=VECTOR('',#105,9.7E-2);
#107=CARTESIAN_POINT('',(5.E-2,0.E0,-4.7E-1));
#108=LINE('',#107,#106);
#109=DIRECTION('',(0.E0,1.E0,0.E0));
#110=VECTOR('',#109,2.E-1);
#111=CARTESIAN_POINT('',(1.47E-1,0.E0,-4.7E-1));
#112=LINE('',#111,#110);
#113=DIRECTION('',(1.E0,0.E0,0.E0));
#114=VECTOR('',#113,1.E-1);
#115=CARTESIAN_POINT('',(1.47E-1,2.E-1,-4.7E-1));
#116=LINE('',#115,#114);
#117=DIRECTION('',(0.E0,1.E0,0.E0));
#118=VECTOR('',#117,2.E-1);
#119=CARTESIAN_POINT('',(2.47E-1,0.E0,-4.7E-1));
#120=LINE('',#119,#118);
#121=DIRECTION('',(1.E0,0.E0,0.E0));
#122=VECTOR('',#121,8.75E-2);
#123=CARTESIAN_POINT('',(2.47E-1,0.E0,-4.7E-1));
#124=LINE('',#123,#122);
#125=DIRECTION('',(1.E0,0.E0,0.E0));
#126=VECTOR('',#125,8.75E-2);
#127=CARTESIAN_POINT('',(-3.345E-1,0.E0,-4.7E-1));
#128=LINE('',#127,#126);
#129=DIRECTION('',(0.E0,1.E0,0.E0));
#130=VECTOR('',#129,2.E-1);
#131=CARTESIAN_POINT('',(-2.47E-1,0.E0,-4.7E-1));
#132=LINE('',#131,#130);
#133=DIRECTION('',(1.E0,0.E0,0.E0));
#134=VECTOR('',#133,1.E-1);
#135=CARTESIAN_POINT('',(-2.47E-1,2.E-1,-4.7E-1));
#136=LINE('',#135,#134);
#137=DIRECTION('',(0.E0,-7.071067811865E-1,7.071067811865E-1));
#138=VECTOR('',#137,1.414213562373E-2);
#139=CARTESIAN_POINT('',(-5.E-2,1.E-2,-3.5E-1));
#140=LINE('',#139,#138);
#141=DIRECTION('',(0.E0,0.E0,1.E0));
#142=VECTOR('',#141,1.1E-1);
#143=CARTESIAN_POINT('',(-5.E-2,1.E-2,-4.6E-1));
#144=LINE('',#143,#142);
#145=DIRECTION('',(0.E0,-1.E0,0.E0));
#146=VECTOR('',#145,1.9E-1);
#147=CARTESIAN_POINT('',(-5.E-2,2.E-1,-4.6E-1));
#148=LINE('',#147,#146);
#149=DIRECTION('',(0.E0,0.E0,1.E0));
#150=VECTOR('',#149,1.E-2);
#151=CARTESIAN_POINT('',(-5.E-2,2.E-1,-4.7E-1));
#152=LINE('',#151,#150);
#153=DIRECTION('',(-1.E0,0.E0,0.E0));
#154=VECTOR('',#153,1.E-1);
#155=CARTESIAN_POINT('',(5.E-2,1.E-2,-3.5E-1));
#156=LINE('',#155,#154);
#157=DIRECTION('',(0.E0,0.E0,1.E0));
#158=VECTOR('',#157,1.E-2);
#159=CARTESIAN_POINT('',(5.E-2,2.E-1,-4.7E-1));
#160=LINE('',#159,#158);
#161=DIRECTION('',(0.E0,-1.E0,0.E0));
#162=VECTOR('',#161,1.9E-1);
#163=CARTESIAN_POINT('',(5.E-2,2.E-1,-4.6E-1));
#164=LINE('',#163,#162);
#165=DIRECTION('',(0.E0,0.E0,1.E0));
#166=VECTOR('',#165,1.1E-1);
#167=CARTESIAN_POINT('',(5.E-2,1.E-2,-4.6E-1));
#168=LINE('',#167,#166);
#169=DIRECTION('',(0.E0,-7.071067811865E-1,7.071067811865E-1));
#170=VECTOR('',#169,1.414213562373E-2);
#171=CARTESIAN_POINT('',(5.E-2,1.E-2,-3.5E-1));
#172=LINE('',#171,#170);
#173=DIRECTION('',(-1.E0,0.E0,0.E0));
#174=VECTOR('',#173,1.E-1);
#175=CARTESIAN_POINT('',(5.E-2,2.E-1,-4.6E-1));
#176=LINE('',#175,#174);
#177=DIRECTION('',(-1.E0,0.E0,0.E0));
#178=VECTOR('',#177,1.E-1);
#179=CARTESIAN_POINT('',(5.E-2,1.E-2,-4.6E-1));
#180=LINE('',#179,#178);
#181=DIRECTION('',(0.E0,0.E0,-1.E0));
#182=VECTOR('',#181,3.9E-2);
#183=CARTESIAN_POINT('',(-1.95E-2,1.E-2,-3.705E-1));
#184=LINE('',#183,#182);
#185=DIRECTION('',(1.E0,0.E0,0.E0));
#186=VECTOR('',#185,3.9E-2);
#187=CARTESIAN_POINT('',(-1.95E-2,1.E-2,-4.095E-1));
#188=LINE('',#187,#186);
#189=DIRECTION('',(0.E0,0.E0,-1.E0));
#190=VECTOR('',#189,3.9E-2);
#191=CARTESIAN_POINT('',(1.95E-2,1.E-2,-3.705E-1));
#192=LINE('',#191,#190);
#193=DIRECTION('',(1.E0,0.E0,0.E0));
#194=VECTOR('',#193,3.9E-2);
#195=CARTESIAN_POINT('',(-1.95E-2,1.E-2,-3.705E-1));
#196=LINE('',#195,#194);
#197=DIRECTION('',(0.E0,1.E0,0.E0));
#198=VECTOR('',#197,3.9E-2);
#199=CARTESIAN_POINT('',(-1.95E-2,1.305E-1,-8.E-2));
#200=LINE('',#199,#198);
#201=DIRECTION('',(0.E0,0.E0,-1.E0));
#202=VECTOR('',#201,2.1E-1);
#203=CARTESIAN_POINT('',(-1.95E-2,1.305E-1,-8.E-2));
#204=LINE('',#203,#202);
#205=DIRECTION('',(0.E0,0.E0,1.E0));
#206=VECTOR('',#205,2.1E-1);
#207=CARTESIAN_POINT('',(-1.95E-2,1.695E-1,-2.9E-1));
#208=LINE('',#207,#206);
#209=DIRECTION('',(0.E0,0.E0,1.E0));
#210=VECTOR('',#209,3.9E-2);
#211=CARTESIAN_POINT('',(-1.95E-2,-1.2E-1,-4.095E-1));
#212=LINE('',#211,#210);
#213=DIRECTION('',(0.E0,1.E0,0.E0));
#214=VECTOR('',#213,1.3E-1);
#215=CARTESIAN_POINT('',(-1.95E-2,-1.2E-1,-4.095E-1));
#216=LINE('',#215,#214);
#217=DIRECTION('',(0.E0,-1.E0,0.E0));
#218=VECTOR('',#217,1.3E-1);
#219=CARTESIAN_POINT('',(-1.95E-2,1.E-2,-3.705E-1));
#220=LINE('',#219,#218);
#221=DIRECTION('',(-3.015113445778E-1,-3.015113445778E-1,9.045340337333E-1));
#222=VECTOR('',#221,3.316624790355E-2);
#223=CARTESIAN_POINT('',(1.95E-2,1.695E-1,-8.E-2));
#224=LINE('',#223,#222);
#225=DIRECTION('',(-3.015113445778E-1,3.015113445778E-1,-9.045340337333E-1));
#226=VECTOR('',#225,3.316624790355E-2);
#227=CARTESIAN_POINT('',(-9.5E-3,1.595E-1,-5.E-2));
#228=LINE('',#227,#226);
#229=DIRECTION('',(-1.E0,0.E0,0.E0));
#230=VECTOR('',#229,3.9E-2);
#231=CARTESIAN_POINT('',(1.95E-2,1.695E-1,-8.E-2));
#232=LINE('',#231,#230);
#233=DIRECTION('',(0.E0,1.E0,0.E0));
#234=VECTOR('',#233,3.9E-2);
#235=CARTESIAN_POINT('',(-1.95E-2,1.305E-1,-2.9E-1));
#236=LINE('',#235,#234);
#237=DIRECTION('',(1.E0,0.E0,0.E0));
#238=VECTOR('',#237,3.9E-2);
#239=CARTESIAN_POINT('',(-1.95E-2,1.305E-1,-2.9E-1));
#240=LINE('',#239,#238);
#241=DIRECTION('',(0.E0,1.E0,0.E0));
#242=VECTOR('',#241,3.9E-2);
#243=CARTESIAN_POINT('',(1.95E-2,1.305E-1,-2.9E-1));
#244=LINE('',#243,#242);
#245=DIRECTION('',(1.E0,0.E0,0.E0));
#246=VECTOR('',#245,3.9E-2);
#247=CARTESIAN_POINT('',(-1.95E-2,1.695E-1,-2.9E-1));
#248=LINE('',#247,#246);
#249=CARTESIAN_POINT('',(0.E0,1.5E-1,-3.3E-1));
#250=DIRECTION('',(0.E0,0.E0,1.E0));
#251=DIRECTION('',(0.E0,1.E0,0.E0));
#252=AXIS2_PLACEMENT_3D('',#249,#250,#251);
#254=DIRECTION('',(0.E0,0.E0,-1.E0));
#255=VECTOR('',#254,4.E-2);
#256=CARTESIAN_POINT('',(0.E0,1.9E-1,-2.9E-1));
#257=LINE('',#256,#255);
#258=CARTESIAN_POINT('',(0.E0,1.5E-1,-2.9E-1));
#259=DIRECTION('',(0.E0,0.E0,-1.E0));
#260=DIRECTION('',(0.E0,-1.E0,0.E0));
#261=AXIS2_PLACEMENT_3D('',#258,#259,#260);
#263=DIRECTION('',(0.E0,0.E0,-1.E0));
#264=VECTOR('',#263,2.E-2);
#265=CARTESIAN_POINT('',(0.E0,1.1E-1,-2.9E-1));
#266=LINE('',#265,#264);
#267=CARTESIAN_POINT('',(0.E0,1.5E-1,-3.1E-1));
#268=DIRECTION('',(0.E0,0.E0,1.E0));
#269=DIRECTION('',(-8.992184106211E-1,4.375E-1,0.E0));
#270=AXIS2_PLACEMENT_3D('',#267,#268,#269);
#272=DIRECTION('',(0.E0,0.E0,1.E0));
#273=VECTOR('',#272,2.E-2);
#274=CARTESIAN_POINT('',(-3.596873642485E-2,1.675E-1,-3.3E-1));
#275=LINE('',#274,#273);
#276=DIRECTION('',(0.E0,1.E0,0.E0));
#277=VECTOR('',#276,6.2E-2);
#278=CARTESIAN_POINT('',(2.E-2,2.08E-1,-3.3E-1));
#279=LINE('',#278,#277);
#280=CARTESIAN_POINT('',(0.E0,1.5E-1,-3.3E-1));
#281=DIRECTION('',(0.E0,0.E0,1.E0));
#282=DIRECTION('',(9.584555744551E-1,2.852418479045E-1,0.E0));
#283=AXIS2_PLACEMENT_3D('',#280,#281,#282);
#285=CARTESIAN_POINT('',(0.E0,1.5E-1,-3.3E-1));
#286=DIRECTION('',(0.E0,0.E0,1.E0));
#287=DIRECTION('',(-3.259906833194E-1,9.453729816263E-1,0.E0));
#288=AXIS2_PLACEMENT_3D('',#285,#286,#287);
#290=DIRECTION('',(0.E0,-1.E0,0.E0));
#291=VECTOR('',#290,6.2E-2);
#292=CARTESIAN_POINT('',(-2.E-2,2.7E-1,-3.3E-1));
#293=LINE('',#292,#291);
#294=DIRECTION('',(-1.E0,0.E0,0.E0));
#295=VECTOR('',#294,4.E-2);
#296=CARTESIAN_POINT('',(-1.77E-1,2.7E-1,-5.E-2));
#297=LINE('',#296,#295);
#298=DIRECTION('',(1.E0,0.E0,0.E0));
#299=VECTOR('',#298,1.57E-1);
#300=CARTESIAN_POINT('',(-1.77E-1,2.7E-1,-5.E-2));
#301=LINE('',#300,#299);
#302=DIRECTION('',(-1.E0,0.E0,0.E0));
#303=VECTOR('',#302,4.E-2);
#304=CARTESIAN_POINT('',(2.E-2,2.7E-1,-5.E-2));
#305=LINE('',#304,#303);
#306=DIRECTION('',(1.E0,0.E0,0.E0));
#307=VECTOR('',#306,1.57E-1);
#308=CARTESIAN_POINT('',(2.E-2,2.7E-1,-5.E-2));
#309=LINE('',#308,#307);
#310=DIRECTION('',(-1.E0,0.E0,0.E0));
#311=VECTOR('',#310,4.E-2);
#312=CARTESIAN_POINT('',(2.17E-1,2.7E-1,-5.E-2));
#313=LINE('',#312,#311);
#314=DIRECTION('',(1.E0,0.E0,0.E0));
#315=VECTOR('',#314,9.E-2);
#316=CARTESIAN_POINT('',(2.17E-1,2.7E-1,-5.E-2));
#317=LINE('',#316,#315);
#318=DIRECTION('',(0.E0,0.E0,-1.E0));
#319=VECTOR('',#318,3.E-1);
#320=CARTESIAN_POINT('',(3.07E-1,2.7E-1,-5.E-2));
#321=LINE('',#320,#319);
#322=DIRECTION('',(0.E0,0.E0,1.E0));
#323=VECTOR('',#322,2.E-2);
#324=CARTESIAN_POINT('',(2.17E-1,2.7E-1,-3.5E-1));
#325=LINE('',#324,#323);
#326=DIRECTION('',(1.E0,0.E0,0.E0));
#327=VECTOR('',#326,4.E-2);
#328=CARTESIAN_POINT('',(1.77E-1,2.7E-1,-3.3E-1));
#329=LINE('',#328,#327);
#330=DIRECTION('',(0.E0,0.E0,1.E0));
#331=VECTOR('',#330,2.E-2);
#332=CARTESIAN_POINT('',(1.77E-1,2.7E-1,-3.5E-1));
#333=LINE('',#332,#331);
#334=DIRECTION('',(0.E0,0.E0,1.E0));
#335=VECTOR('',#334,2.E-2);
#336=CARTESIAN_POINT('',(2.E-2,2.7E-1,-3.5E-1));
#337=LINE('',#336,#335);
#338=DIRECTION('',(1.E0,0.E0,0.E0));
#339=VECTOR('',#338,4.E-2);
#340=CARTESIAN_POINT('',(-2.E-2,2.7E-1,-3.3E-1));
#341=LINE('',#340,#339);
#342=DIRECTION('',(0.E0,0.E0,1.E0));
#343=VECTOR('',#342,2.E-2);
#344=CARTESIAN_POINT('',(-2.E-2,2.7E-1,-3.5E-1));
#345=LINE('',#344,#343);
#346=DIRECTION('',(0.E0,0.E0,1.E0));
#347=VECTOR('',#346,2.E-2);
#348=CARTESIAN_POINT('',(-1.77E-1,2.7E-1,-3.5E-1));
#349=LINE('',#348,#347);
#350=DIRECTION('',(1.E0,0.E0,0.E0));
#351=VECTOR('',#350,4.E-2);
#352=CARTESIAN_POINT('',(-2.17E-1,2.7E-1,-3.3E-1));
#353=LINE('',#352,#351);
#354=DIRECTION('',(0.E0,0.E0,1.E0));
#355=VECTOR('',#354,2.E-2);
#356=CARTESIAN_POINT('',(-2.17E-1,2.7E-1,-3.5E-1));
#357=LINE('',#356,#355);
#358=DIRECTION('',(1.E0,0.E0,0.E0));
#359=VECTOR('',#358,9.E-2);
#360=CARTESIAN_POINT('',(-3.07E-1,2.7E-1,-5.E-2));
#361=LINE('',#360,#359);
#362=DIRECTION('',(0.E0,-1.E0,0.E0));
#363=VECTOR('',#362,6.E-2);
#364=CARTESIAN_POINT('',(-1.77E-1,3.3E-1,-5.E-2));
#365=LINE('',#364,#363);
#366=DIRECTION('',(-1.E0,0.E0,0.E0));
#367=VECTOR('',#366,4.E-2);
#368=CARTESIAN_POINT('',(-1.77E-1,3.3E-1,-5.E-2));
#369=LINE('',#368,#367);
#370=DIRECTION('',(1.E0,0.E0,0.E0));
#371=VECTOR('',#370,6.69E-1);
#372=CARTESIAN_POINT('',(-3.345E-1,3.3E-1,-1.E-1));
#373=LINE('',#372,#371);
#374=DIRECTION('',(-1.E0,0.E0,0.E0));
#375=VECTOR('',#374,4.E-2);
#376=CARTESIAN_POINT('',(2.17E-1,3.3E-1,-5.E-2));
#377=LINE('',#376,#375);
#378=DIRECTION('',(-1.E0,0.E0,0.E0));
#379=VECTOR('',#378,4.E-2);
#380=CARTESIAN_POINT('',(2.E-2,3.3E-1,-5.E-2));
#381=LINE('',#380,#379);
#382=DIRECTION('',(-1.924500897299E-1,1.924500897299E-1,-9.622504486494E-1));
#383=VECTOR('',#382,5.196152422707E-2);
#384=CARTESIAN_POINT('',(2.27E-1,3.2E-1,0.E0));
#385=LINE('',#384,#383);
#386=DIRECTION('',(1.E0,0.E0,0.E0));
#387=VECTOR('',#386,1.175E-1);
#388=CARTESIAN_POINT('',(2.17E-1,3.3E-1,-5.E-2));
#389=LINE('',#388,#387);
#390=DIRECTION('',(1.924500897299E-1,-1.924500897299E-1,9.622504486494E-1));
#391=VECTOR('',#390,5.196152422707E-2);
#392=CARTESIAN_POINT('',(2.E-2,3.3E-1,-5.E-2));
#393=LINE('',#392,#391);
#394=DIRECTION('',(1.E0,0.E0,0.E0));
#395=VECTOR('',#394,1.57E-1);
#396=CARTESIAN_POINT('',(2.E-2,3.3E-1,-5.E-2));
#397=LINE('',#396,#395);
#398=DIRECTION('',(1.924500897299E-1,1.924500897299E-1,-9.622504486494E-1));
#399=VECTOR('',#398,5.196152422707E-2);
#400=CARTESIAN_POINT('',(1.67E-1,3.2E-1,0.E0));
#401=LINE('',#400,#399);
#402=DIRECTION('',(-1.924500897299E-1,-1.924500897299E-1,9.622504486494E-1));
#403=VECTOR('',#402,5.196152422707E-2);
#404=CARTESIAN_POINT('',(-2.17E-1,3.3E-1,-5.E-2));
#405=LINE('',#404,#403);
#406=DIRECTION('',(1.E0,0.E0,0.E0));
#407=VECTOR('',#406,1.175E-1);
#408=CARTESIAN_POINT('',(-3.345E-1,3.3E-1,-5.E-2));
#409=LINE('',#408,#407);
#410=DIRECTION('',(1.924500897299E-1,-1.924500897299E-1,9.622504486494E-1));
#411=VECTOR('',#410,5.196152422707E-2);
#412=CARTESIAN_POINT('',(-1.77E-1,3.3E-1,-5.E-2));
#413=LINE('',#412,#411);
#414=DIRECTION('',(1.E0,0.E0,0.E0));
#415=VECTOR('',#414,1.57E-1);
#416=CARTESIAN_POINT('',(-1.77E-1,3.3E-1,-5.E-2));
#417=LINE('',#416,#415);
#418=DIRECTION('',(-1.924500897299E-1,-1.924500897299E-1,9.622504486494E-1));
#419=VECTOR('',#418,5.196152422707E-2);
#420=CARTESIAN_POINT('',(-2.E-2,3.3E-1,-5.E-2));
#421=LINE('',#420,#419);
#422=DIRECTION('',(0.E0,-1.E0,0.E0));
#423=VECTOR('',#422,4.E-2);
#424=CARTESIAN_POINT('',(3.E-2,3.2E-1,0.E0));
#425=LINE('',#424,#423);
#426=DIRECTION('',(1.E0,0.E0,0.E0));
#427=VECTOR('',#426,1.37E-1);
#428=CARTESIAN_POINT('',(3.E-2,3.2E-1,0.E0));
#429=LINE('',#428,#427);
#430=DIRECTION('',(0.E0,1.E0,0.E0));
#431=VECTOR('',#430,4.E-2);
#432=CARTESIAN_POINT('',(1.67E-1,2.8E-1,0.E0));
#433=LINE('',#432,#431);
#434=DIRECTION('',(1.E0,0.E0,0.E0));
#435=VECTOR('',#434,1.37E-1);
#436=CARTESIAN_POINT('',(3.E-2,2.8E-1,0.E0));
#437=LINE('',#436,#435);
#438=DIRECTION('',(0.E0,-1.E0,0.E0));
#439=VECTOR('',#438,4.E-2);
#440=CARTESIAN_POINT('',(-2.27E-1,3.2E-1,0.E0));
#441=LINE('',#440,#439);
#442=DIRECTION('',(1.E0,0.E0,0.E0));
#443=VECTOR('',#442,9.E-2);
#444=CARTESIAN_POINT('',(-3.17E-1,2.8E-1,0.E0));
#445=LINE('',#444,#443);
#446=DIRECTION('',(0.E0,1.E0,0.E0));
#447=VECTOR('',#446,2.3E-1);
#448=CARTESIAN_POINT('',(-3.17E-1,5.E-2,0.E0));
#449=LINE('',#448,#447);
#450=DIRECTION('',(-9.999999999998E-1,-6.203473839165E-7,-1.488832168E-7));
#451=VECTOR('',#450,5.366752627666E-2);
#452=CARTESIAN_POINT('',(-2.633324737234E-1,5.000003329251E-2,
7.990193954394E-9));
#453=LINE('',#452,#451);
#454=CARTESIAN_POINT('',(-1.97E-1,1.5E-1,0.E0));
#455=DIRECTION('',(0.E0,0.E0,-1.E0));
#456=DIRECTION('',(5.527707983926E-1,-8.333333333333E-1,0.E0));
#457=AXIS2_PLACEMENT_3D('',#454,#455,#456);
#459=DIRECTION('',(-1.E0,0.E0,0.E0));
#460=VECTOR('',#459,6.433505255329E-2);
#461=CARTESIAN_POINT('',(-6.633247372336E-2,5.000003329251E-2,
7.990193954394E-9));
#462=LINE('',#461,#460);
#463=CARTESIAN_POINT('',(0.E0,1.5E-1,0.E0));
#464=DIRECTION('',(0.E0,0.E0,-1.E0));
#465=DIRECTION('',(5.527707983926E-1,-8.333333333333E-1,0.E0));
#466=AXIS2_PLACEMENT_3D('',#463,#464,#465);
#468=DIRECTION('',(-1.E0,0.E0,0.E0));
#469=VECTOR('',#468,6.433505255329E-2);
#470=CARTESIAN_POINT('',(1.306675262766E-1,5.000003329251E-2,
7.990193954394E-9));
#471=LINE('',#470,#469);
#472=CARTESIAN_POINT('',(1.97E-1,1.5E-1,0.E0));
#473=DIRECTION('',(0.E0,0.E0,-1.E0));
#474=DIRECTION('',(5.527707983926E-1,-8.333333333333E-1,0.E0));
#475=AXIS2_PLACEMENT_3D('',#472,#473,#474);
#477=DIRECTION('',(-9.999999999998E-1,6.203473839165E-7,1.488832174896E-7));
#478=VECTOR('',#477,5.366752627666E-2);
#479=CARTESIAN_POINT('',(3.17E-1,5.E-2,0.E0));
#480=LINE('',#479,#478);
#481=DIRECTION('',(0.E0,-1.E0,0.E0));
#482=VECTOR('',#481,2.3E-1);
#483=CARTESIAN_POINT('',(3.17E-1,2.8E-1,0.E0));
#484=LINE('',#483,#482);
#485=DIRECTION('',(1.E0,0.E0,0.E0));
#486=VECTOR('',#485,9.E-2);
#487=CARTESIAN_POINT('',(2.27E-1,2.8E-1,0.E0));
#488=LINE('',#487,#486);
#489=DIRECTION('',(0.E0,1.E0,0.E0));
#490=VECTOR('',#489,4.E-2);
#491=CARTESIAN_POINT('',(2.27E-1,2.8E-1,0.E0));
#492=LINE('',#491,#490);
#493=DIRECTION('',(1.E0,0.E0,0.E0));
#494=VECTOR('',#493,1.075E-1);
#495=CARTESIAN_POINT('',(2.27E-1,3.2E-1,0.E0));
#496=LINE('',#495,#494);
#497=DIRECTION('',(1.E0,0.E0,0.E0));
#498=VECTOR('',#497,1.075E-1);
#499=CARTESIAN_POINT('',(-3.345E-1,3.2E-1,0.E0));
#500=LINE('',#499,#498);
#501=DIRECTION('',(0.E0,-1.E0,0.E0));
#502=VECTOR('',#501,4.E-2);
#503=CARTESIAN_POINT('',(-1.67E-1,3.2E-1,0.E0));
#504=LINE('',#503,#502);
#505=DIRECTION('',(1.E0,0.E0,0.E0));
#506=VECTOR('',#505,1.37E-1);
#507=CARTESIAN_POINT('',(-1.67E-1,3.2E-1,0.E0));
#508=LINE('',#507,#506);
#509=DIRECTION('',(0.E0,-1.E0,0.E0));
#510=VECTOR('',#509,4.E-2);
#511=CARTESIAN_POINT('',(-3.E-2,3.2E-1,0.E0));
#512=LINE('',#511,#510);
#513=DIRECTION('',(1.E0,0.E0,0.E0));
#514=VECTOR('',#513,1.37E-1);
#515=CARTESIAN_POINT('',(-1.67E-1,2.8E-1,0.E0));
#516=LINE('',#515,#514);
#517=DIRECTION('',(-1.924500897299E-1,-1.924500897299E-1,-9.622504486494E-1));
#518=VECTOR('',#517,5.196152422707E-2);
#519=CARTESIAN_POINT('',(2.27E-1,2.8E-1,0.E0));
#520=LINE('',#519,#518);
#521=DIRECTION('',(-1.924500897299E-1,-1.924500897299E-1,-9.622504486494E-1));
#522=VECTOR('',#521,5.196152422707E-2);
#523=CARTESIAN_POINT('',(3.17E-1,2.8E-1,0.E0));
#524=LINE('',#523,#522);
#525=DIRECTION('',(-1.924500897299E-1,-1.924500897299E-1,-9.622504486494E-1));
#526=VECTOR('',#525,5.196152422707E-2);
#527=CARTESIAN_POINT('',(3.E-2,2.8E-1,0.E0));
#528=LINE('',#527,#526);
#529=DIRECTION('',(1.924500897299E-1,-1.924500897299E-1,-9.622504486494E-1));
#530=VECTOR('',#529,5.196152422707E-2);
#531=CARTESIAN_POINT('',(1.67E-1,2.8E-1,0.E0));
#532=LINE('',#531,#530);
#533=DIRECTION('',(1.924500897299E-1,-1.924500897299E-1,-9.622504486494E-1));
#534=VECTOR('',#533,5.196152422707E-2);
#535=CARTESIAN_POINT('',(-2.27E-1,2.8E-1,0.E0));
#536=LINE('',#535,#534);
#537=DIRECTION('',(-1.924500897299E-1,-1.924500897299E-1,-9.622504486494E-1));
#538=VECTOR('',#537,5.196152422707E-2);
#539=CARTESIAN_POINT('',(-1.67E-1,2.8E-1,0.E0));
#540=LINE('',#539,#538);
#541=DIRECTION('',(1.924500897299E-1,-1.924500897299E-1,-9.622504486494E-1));
#542=VECTOR('',#541,5.196152422707E-2);
#543=CARTESIAN_POINT('',(-3.E-2,2.8E-1,0.E0));
#544=LINE('',#543,#542);
#545=DIRECTION('',(-1.924500897299E-1,1.924500897299E-1,-9.622504486494E-1));
#546=VECTOR('',#545,5.196152422707E-2);
#547=CARTESIAN_POINT('',(3.17E-1,5.E-2,0.E0));
#548=LINE('',#547,#546);
#549=DIRECTION('',(0.E0,0.E0,1.E0));
#550=VECTOR('',#549,4.E-2);
#551=CARTESIAN_POINT('',(3.07E-1,1.325E-1,-3.5E-1));
#552=LINE('',#551,#550);
#553=DIRECTION('',(0.E0,1.E0,0.E0));
#554=VECTOR('',#553,3.5E-2);
#555=CARTESIAN_POINT('',(3.07E-1,1.325E-1,-3.1E-1));
#556=LINE('',#555,#554);
#557=DIRECTION('',(0.E0,0.E0,1.E0));
#558=VECTOR('',#557,4.E-2);
#559=CARTESIAN_POINT('',(3.07E-1,1.675E-1,-3.5E-1));
#560=LINE('',#559,#558);
#561=DIRECTION('',(0.E0,-1.E0,0.E0));
#562=VECTOR('',#561,2.1E-1);
#563=CARTESIAN_POINT('',(3.07E-1,2.7E-1,-5.E-2));
#564=LINE('',#563,#562);
#565=DIRECTION('',(0.E0,0.E0,-1.E0));
#566=VECTOR('',#565,3.E-1);
#567=CARTESIAN_POINT('',(3.07E-1,6.E-2,-5.E-2));
#568=LINE('',#567,#566);
#569=DIRECTION('',(0.E0,1.E0,0.E0));
#570=VECTOR('',#569,5.250248013005E-2);
#571=CARTESIAN_POINT('',(2.32E-1,4.571673192693E-2,-3.5E-1));
#572=LINE('',#571,#570);
#573=CARTESIAN_POINT('',(1.97E-1,1.5E-1,-3.5E-1));
#574=DIRECTION('',(0.E0,0.E0,1.E0));
#575=DIRECTION('',(5.6E-1,-8.284926070883E-1,0.E0));
#576=AXIS2_PLACEMENT_3D('',#573,#574,#575);
#578=DIRECTION('',(-1.E0,0.E0,0.E0));
#579=VECTOR('',#578,5.E-2);
#580=CARTESIAN_POINT('',(3.07E-1,1.325E-1,-3.5E-1));
#581=LINE('',#580,#579);
#582=DIRECTION('',(0.E0,1.E0,0.E0));
#583=VECTOR('',#582,7.25E-2);
#584=CARTESIAN_POINT('',(3.07E-1,6.E-2,-3.5E-1));
#585=LINE('',#584,#583);
#586=DIRECTION('',(1.E0,0.E0,0.E0));
#587=VECTOR('',#586,4.675444679663E-2);
#588=CARTESIAN_POINT('',(2.602455532034E-1,6.E-2,-3.5E-1));
#589=LINE('',#588,#587);
#590=CARTESIAN_POINT('',(1.97E-1,1.5E-1,-3.5E-1));
#591=DIRECTION('',(0.E0,0.E0,1.E0));
#592=DIRECTION('',(3.181818181818E-1,-9.480297097552E-1,0.E0));
#593=AXIS2_PLACEMENT_3D('',#590,#591,#592);
#595=DIRECTION('',(0.E0,1.E0,0.E0));
#596=VECTOR('',#595,5.250248013005E-2);
#597=CARTESIAN_POINT('',(3.5E-2,4.571673192693E-2,-3.5E-1));
#598=LINE('',#597,#596);
#599=CARTESIAN_POINT('',(0.E0,1.5E-1,-3.5E-1));
#600=DIRECTION('',(0.E0,0.E0,1.E0));
#601=DIRECTION('',(5.6E-1,-8.284926070883E-1,0.E0));
#602=AXIS2_PLACEMENT_3D('',#599,#600,#601);
#604=CARTESIAN_POINT('',(1.97E-1,1.5E-1,-3.5E-1));
#605=DIRECTION('',(0.E0,0.E0,1.E0));
#606=DIRECTION('',(-9.6E-1,-2.8E-1,0.E0));
#607=AXIS2_PLACEMENT_3D('',#604,#605,#606);
#609=DIRECTION('',(0.E0,-1.E0,0.E0));
#610=VECTOR('',#609,5.250248013005E-2);
#611=CARTESIAN_POINT('',(1.62E-1,9.821921205698E-2,-3.5E-1));
#612=LINE('',#611,#610);
#613=CARTESIAN_POINT('',(1.97E-1,1.5E-1,-3.5E-1));
#614=DIRECTION('',(0.E0,0.E0,1.E0));
#615=DIRECTION('',(-5.749595745761E-1,-8.181818181818E-1,0.E0));
#616=AXIS2_PLACEMENT_3D('',#613,#614,#615);
#618=DIRECTION('',(1.E0,0.E0,0.E0));
#619=VECTOR('',#618,7.050889359326E-2);
#620=CARTESIAN_POINT('',(6.324555320337E-2,6.E-2,-3.5E-1));
#621=LINE('',#620,#619);
#622=CARTESIAN_POINT('',(0.E0,1.5E-1,-3.5E-1));
#623=DIRECTION('',(0.E0,0.E0,1.E0));
#624=DIRECTION('',(3.181818181818E-1,-9.480297097552E-1,0.E0));
#625=AXIS2_PLACEMENT_3D('',#622,#623,#624);
#627=DIRECTION('',(1.E0,0.E0,0.E0));
#628=VECTOR('',#627,5.E-2);
#629=CARTESIAN_POINT('',(-3.07E-1,1.325E-1,-3.5E-1));
#630=LINE('',#629,#628);
#631=CARTESIAN_POINT('',(-1.97E-1,1.5E-1,-3.5E-1));
#632=DIRECTION('',(0.E0,0.E0,1.E0));
#633=DIRECTION('',(-9.6E-1,-2.8E-1,0.E0));
#634=AXIS2_PLACEMENT_3D('',#631,#632,#633);
#636=DIRECTION('',(0.E0,-1.E0,0.E0));
#637=VECTOR('',#636,5.250248013005E-2);
#638=CARTESIAN_POINT('',(-2.32E-1,9.821921205698E-2,-3.5E-1));
#639=LINE('',#638,#637);
#640=CARTESIAN_POINT('',(-1.97E-1,1.5E-1,-3.5E-1));
#641=DIRECTION('',(0.E0,0.E0,1.E0));
#642=DIRECTION('',(-5.749595745761E-1,-8.181818181818E-1,0.E0));
#643=AXIS2_PLACEMENT_3D('',#640,#641,#642);
#645=DIRECTION('',(1.E0,0.E0,0.E0));
#646=VECTOR('',#645,4.675444679663E-2);
#647=CARTESIAN_POINT('',(-3.07E-1,6.E-2,-3.5E-1));
#648=LINE('',#647,#646);
#649=DIRECTION('',(0.E0,-1.E0,0.E0));
#650=VECTOR('',#649,7.25E-2);
#651=CARTESIAN_POINT('',(-3.07E-1,1.325E-1,-3.5E-1));
#652=LINE('',#651,#650);
#653=DIRECTION('',(0.E0,1.E0,0.E0));
#654=VECTOR('',#653,5.250248013005E-2);
#655=CARTESIAN_POINT('',(-1.62E-1,4.571673192693E-2,-3.5E-1));
#656=LINE('',#655,#654);
#657=CARTESIAN_POINT('',(-1.97E-1,1.5E-1,-3.5E-1));
#658=DIRECTION('',(0.E0,0.E0,1.E0));
#659=DIRECTION('',(5.6E-1,-8.284926070883E-1,0.E0));
#660=AXIS2_PLACEMENT_3D('',#657,#658,#659);
#662=CARTESIAN_POINT('',(0.E0,1.5E-1,-3.5E-1));
#663=DIRECTION('',(0.E0,0.E0,1.E0));
#664=DIRECTION('',(-9.6E-1,-2.8E-1,0.E0));
#665=AXIS2_PLACEMENT_3D('',#662,#663,#664);
#667=DIRECTION('',(0.E0,-1.E0,0.E0));
#668=VECTOR('',#667,5.250248013005E-2);
#669=CARTESIAN_POINT('',(-3.5E-2,9.821921205698E-2,-3.5E-1));
#670=LINE('',#669,#668);
#671=CARTESIAN_POINT('',(0.E0,1.5E-1,-3.5E-1));
#672=DIRECTION('',(0.E0,0.E0,1.E0));
#673=DIRECTION('',(-5.749595745761E-1,-8.181818181818E-1,0.E0));
#674=AXIS2_PLACEMENT_3D('',#671,#672,#673);
#676=DIRECTION('',(1.E0,0.E0,0.E0));
#677=VECTOR('',#676,7.050889359326E-2);
#678=CARTESIAN_POINT('',(-1.337544467966E-1,6.E-2,-3.5E-1));
#679=LINE('',#678,#677);
#680=CARTESIAN_POINT('',(-1.97E-1,1.5E-1,-3.5E-1));
#681=DIRECTION('',(0.E0,0.E0,1.E0));
#682=DIRECTION('',(3.181818181818E-1,-9.480297097552E-1,0.E0));
#683=AXIS2_PLACEMENT_3D('',#680,#681,#682);
#685=CARTESIAN_POINT('',(1.97E-1,1.5E-1,-3.5E-1));
#686=DIRECTION('',(0.E0,0.E0,1.E0));
#687=DIRECTION('',(9.584555744551E-1,2.852418479045E-1,0.E0));
#688=AXIS2_PLACEMENT_3D('',#685,#686,#687);
#690=DIRECTION('',(0.E0,-1.E0,0.E0));
#691=VECTOR('',#690,6.2E-2);
#692=CARTESIAN_POINT('',(2.17E-1,2.7E-1,-3.5E-1));
#693=LINE('',#692,#691);
#694=DIRECTION('',(-1.E0,0.E0,0.E0));
#695=VECTOR('',#694,9.E-2);
#696=CARTESIAN_POINT('',(3.07E-1,2.7E-1,-3.5E-1));
#697=LINE('',#696,#695);
#698=DIRECTION('',(0.E0,1.E0,0.E0));
#699=VECTOR('',#698,1.025E-1);
#700=CARTESIAN_POINT('',(3.07E-1,1.675E-1,-3.5E-1));
#701=LINE('',#700,#699);
#702=DIRECTION('',(-1.E0,0.E0,0.E0));
#703=VECTOR('',#702,5.119736400466E-2);
#704=CARTESIAN_POINT('',(3.07E-1,1.675E-1,-3.5E-1));
#705=LINE('',#704,#703);
#706=CARTESIAN_POINT('',(0.E0,1.5E-1,-3.5E-1));
#707=DIRECTION('',(0.E0,0.E0,1.E0));
#708=DIRECTION('',(9.584555744551E-1,2.852418479045E-1,0.E0));
#709=AXIS2_PLACEMENT_3D('',#706,#707,#708);
#711=DIRECTION('',(0.E0,-1.E0,0.E0));
#712=VECTOR('',#711,6.2E-2);
#713=CARTESIAN_POINT('',(2.E-2,2.7E-1,-3.5E-1));
#714=LINE('',#713,#712);
#715=DIRECTION('',(-1.E0,0.E0,0.E0));
#716=VECTOR('',#715,1.57E-1);
#717=CARTESIAN_POINT('',(1.77E-1,2.7E-1,-3.5E-1));
#718=LINE('',#717,#716);
#719=DIRECTION('',(0.E0,-1.E0,0.E0));
#720=VECTOR('',#719,6.2E-2);
#721=CARTESIAN_POINT('',(1.77E-1,2.7E-1,-3.5E-1));
#722=LINE('',#721,#720);
#723=CARTESIAN_POINT('',(1.97E-1,1.5E-1,-3.5E-1));
#724=DIRECTION('',(0.E0,0.E0,1.E0));
#725=DIRECTION('',(-3.259906833194E-1,9.453729816263E-1,0.E0));
#726=AXIS2_PLACEMENT_3D('',#723,#724,#725);
#728=CARTESIAN_POINT('',(-1.97E-1,1.5E-1,-3.5E-1));
#729=DIRECTION('',(0.E0,0.E0,1.E0));
#730=DIRECTION('',(-3.259906833194E-1,9.453729816263E-1,0.E0));
#731=AXIS2_PLACEMENT_3D('',#728,#729,#730);
#733=DIRECTION('',(-1.E0,0.E0,0.E0));
#734=VECTOR('',#733,5.119736400466E-2);
#735=CARTESIAN_POINT('',(-2.558026359953E-1,1.675E-1,-3.5E-1));
#736=LINE('',#735,#734);
#737=DIRECTION('',(0.E0,-1.E0,0.E0));
#738=VECTOR('',#737,1.025E-1);
#739=CARTESIAN_POINT('',(-3.07E-1,2.7E-1,-3.5E-1));
#740=LINE('',#739,#738);
#741=DIRECTION('',(-1.E0,0.E0,0.E0));
#742=VECTOR('',#741,9.E-2);
#743=CARTESIAN_POINT('',(-2.17E-1,2.7E-1,-3.5E-1));
#744=LINE('',#743,#742);
#745=DIRECTION('',(0.E0,-1.E0,0.E0));
#746=VECTOR('',#745,6.2E-2);
#747=CARTESIAN_POINT('',(-2.17E-1,2.7E-1,-3.5E-1));
#748=LINE('',#747,#746);
#749=CARTESIAN_POINT('',(-1.97E-1,1.5E-1,-3.5E-1));
#750=DIRECTION('',(0.E0,0.E0,1.E0));
#751=DIRECTION('',(9.584555744551E-1,2.852418479045E-1,0.E0));
#752=AXIS2_PLACEMENT_3D('',#749,#750,#751);
#754=DIRECTION('',(0.E0,-1.E0,0.E0));
#755=VECTOR('',#754,6.2E-2);
#756=CARTESIAN_POINT('',(-1.77E-1,2.7E-1,-3.5E-1));
#757=LINE('',#756,#755);
#758=DIRECTION('',(-1.E0,0.E0,0.E0));
#759=VECTOR('',#758,1.57E-1);
#760=CARTESIAN_POINT('',(-2.E-2,2.7E-1,-3.5E-1));
#761=LINE('',#760,#759);
#762=DIRECTION('',(0.E0,-1.E0,0.E0));
#763=VECTOR('',#762,6.2E-2);
#764=CARTESIAN_POINT('',(-2.E-2,2.7E-1,-3.5E-1));
#765=LINE('',#764,#763);
#766=CARTESIAN_POINT('',(0.E0,1.5E-1,-3.5E-1));
#767=DIRECTION('',(0.E0,0.E0,1.E0));
#768=DIRECTION('',(-3.259906833194E-1,9.453729816263E-1,0.E0));
#769=AXIS2_PLACEMENT_3D('',#766,#767,#768);
#771=DIRECTION('',(0.E0,0.E0,1.E0));
#772=VECTOR('',#771,4.E-2);
#773=CARTESIAN_POINT('',(1.62E-1,4.571673192693E-2,-3.5E-1));
#774=LINE('',#773,#772);
#775=CARTESIAN_POINT('',(1.97E-1,1.5E-1,-3.1E-1));
#776=DIRECTION('',(0.E0,0.E0,1.E0));
#777=DIRECTION('',(-3.181818181818E-1,-9.480297097552E-1,0.E0));
#778=AXIS2_PLACEMENT_3D('',#775,#776,#777);
#780=DIRECTION('',(0.E0,0.E0,1.E0));
#781=VECTOR('',#780,4.E-2);
#782=CARTESIAN_POINT('',(2.32E-1,4.571673192693E-2,-3.5E-1));
#783=LINE('',#782,#781);
#784=CARTESIAN_POINT('',(1.97E-1,1.5E-1,-4.999942869999E-2));
#785=DIRECTION('',(0.E0,0.E0,-1.E0));
#786=DIRECTION('',(5.749595745761E-1,-8.181818181818E-1,0.E0));
#787=AXIS2_PLACEMENT_3D('',#784,#785,#786);
#789=DIRECTION('',(0.E0,0.E0,1.E0));
#790=VECTOR('',#789,4.E-2);
#791=CARTESIAN_POINT('',(1.62E-1,9.821921205698E-2,-3.5E-1));
#792=LINE('',#791,#790);
#793=DIRECTION('',(0.E0,0.E0,1.E0));
#794=VECTOR('',#793,4.E-2);
#795=CARTESIAN_POINT('',(1.37E-1,1.325E-1,-3.5E-1));
#796=LINE('',#795,#794);
#797=DIRECTION('',(-1.E0,0.E0,0.E0));
#798=VECTOR('',#797,7.7E-2);
#799=CARTESIAN_POINT('',(1.37E-1,1.325E-1,-3.5E-1));
#800=LINE('',#799,#798);
#801=DIRECTION('',(0.E0,0.E0,1.E0));
#802=VECTOR('',#801,4.E-2);
#803=CARTESIAN_POINT('',(6.E-2,1.325E-1,-3.5E-1));
#804=LINE('',#803,#802);
#805=DIRECTION('',(1.E0,0.E0,0.E0));
#806=VECTOR('',#805,7.7E-2);
#807=CARTESIAN_POINT('',(6.E-2,1.325E-1,-3.1E-1));
#808=LINE('',#807,#806);
#809=DIRECTION('',(0.E0,0.E0,1.E0));
#810=VECTOR('',#809,4.E-2);
#811=CARTESIAN_POINT('',(3.5E-2,9.821921205698E-2,-3.5E-1));
#812=LINE('',#811,#810);
#813=CARTESIAN_POINT('',(0.E0,1.5E-1,-3.1E-1));
#814=DIRECTION('',(0.E0,0.E0,1.E0));
#815=DIRECTION('',(-3.181818181818E-1,-9.480297097552E-1,0.E0));
#816=AXIS2_PLACEMENT_3D('',#813,#814,#815);
#818=DIRECTION('',(0.E0,0.E0,1.E0));
#819=VECTOR('',#818,4.E-2);
#820=CARTESIAN_POINT('',(3.5E-2,4.571673192693E-2,-3.5E-1));
#821=LINE('',#820,#819);
#822=CARTESIAN_POINT('',(0.E0,1.5E-1,-4.999942869999E-2));
#823=DIRECTION('',(0.E0,0.E0,-1.E0));
#824=DIRECTION('',(5.749595745761E-1,-8.181818181818E-1,0.E0));
#825=AXIS2_PLACEMENT_3D('',#822,#823,#824);
#827=DIRECTION('',(0.E0,0.E0,1.E0));
#828=VECTOR('',#827,4.E-2);
#829=CARTESIAN_POINT('',(-3.5E-2,4.571673192693E-2,-3.5E-1));
#830=LINE('',#829,#828);
#831=CARTESIAN_POINT('',(-1.97E-1,1.5E-1,-3.1E-1));
#832=DIRECTION('',(0.E0,0.E0,1.E0));
#833=DIRECTION('',(5.6E-1,-8.284926070883E-1,0.E0));
#834=AXIS2_PLACEMENT_3D('',#831,#832,#833);
#836=DIRECTION('',(0.E0,1.E0,0.E0));
#837=VECTOR('',#836,5.250248013005E-2);
#838=CARTESIAN_POINT('',(-1.62E-1,4.571673192693E-2,-3.1E-1));
#839=LINE('',#838,#837);
#840=DIRECTION('',(0.E0,-1.E0,0.E0));
#841=VECTOR('',#840,5.250248013005E-2);
#842=CARTESIAN_POINT('',(-2.32E-1,9.821921205698E-2,-3.1E-1));
#843=LINE('',#842,#841);
#844=CARTESIAN_POINT('',(-1.97E-1,1.5E-1,-3.1E-1));
#845=DIRECTION('',(0.E0,0.E0,1.E0));
#846=DIRECTION('',(-9.6E-1,-2.8E-1,0.E0));
#847=AXIS2_PLACEMENT_3D('',#844,#845,#846);
#849=DIRECTION('',(1.E0,0.E0,0.E0));
#850=VECTOR('',#849,5.E-2);
#851=CARTESIAN_POINT('',(-3.07E-1,1.325E-1,-3.1E-1));
#852=LINE('',#851,#850);
#853=DIRECTION('',(-1.E0,0.E0,0.E0));
#854=VECTOR('',#853,7.403126357515E-2);
#855=CARTESIAN_POINT('',(-2.329687364248E-1,1.675E-1,-3.1E-1));
#856=LINE('',#855,#854);
#857=DIRECTION('',(-1.E0,0.E0,0.E0));
#858=VECTOR('',#857,7.403126357515E-2);
#859=CARTESIAN_POINT('',(3.07E-1,1.675E-1,-3.1E-1));
#860=LINE('',#859,#858);
#861=DIRECTION('',(1.E0,0.E0,0.E0));
#862=VECTOR('',#861,5.E-2);
#863=CARTESIAN_POINT('',(2.57E-1,1.325E-1,-3.1E-1));
#864=LINE('',#863,#862);
#865=CARTESIAN_POINT('',(1.97E-1,1.5E-1,-3.1E-1));
#866=DIRECTION('',(0.E0,0.E0,1.E0));
#867=DIRECTION('',(5.6E-1,-8.284926070883E-1,0.E0));
#868=AXIS2_PLACEMENT_3D('',#865,#866,#867);
#870=DIRECTION('',(0.E0,1.E0,0.E0));
#871=VECTOR('',#870,5.250248013005E-2);
#872=CARTESIAN_POINT('',(2.32E-1,4.571673192693E-2,-3.1E-1));
#873=LINE('',#872,#871);
#874=DIRECTION('',(0.E0,-1.E0,0.E0));
#875=VECTOR('',#874,5.250248013005E-2);
#876=CARTESIAN_POINT('',(1.62E-1,9.821921205698E-2,-3.1E-1));
#877=LINE('',#876,#875);
#878=CARTESIAN_POINT('',(1.97E-1,1.5E-1,-3.1E-1));
#879=DIRECTION('',(0.E0,0.E0,1.E0));
#880=DIRECTION('',(-9.6E-1,-2.8E-1,0.E0));
#881=AXIS2_PLACEMENT_3D('',#878,#879,#880);
#883=CARTESIAN_POINT('',(0.E0,1.5E-1,-3.1E-1));
#884=DIRECTION('',(0.E0,0.E0,1.E0));
#885=DIRECTION('',(5.6E-1,-8.284926070883E-1,0.E0));
#886=AXIS2_PLACEMENT_3D('',#883,#884,#885);
#888=DIRECTION('',(0.E0,1.E0,0.E0));
#889=VECTOR('',#888,5.250248013005E-2);
#890=CARTESIAN_POINT('',(3.5E-2,4.571673192693E-2,-3.1E-1));
#891=LINE('',#890,#889);
#892=DIRECTION('',(0.E0,-1.E0,0.E0));
#893=VECTOR('',#892,5.250248013005E-2);
#894=CARTESIAN_POINT('',(-3.5E-2,9.821921205698E-2,-3.1E-1));
#895=LINE('',#894,#893);
#896=CARTESIAN_POINT('',(0.E0,1.5E-1,-3.1E-1));
#897=DIRECTION('',(0.E0,0.E0,1.E0));
#898=DIRECTION('',(-9.6E-1,-2.8E-1,0.E0));
#899=AXIS2_PLACEMENT_3D('',#896,#897,#898);
#901=DIRECTION('',(-1.E0,0.E0,0.E0));
#902=VECTOR('',#901,7.7E-2);
#903=CARTESIAN_POINT('',(-6.E-2,1.325E-1,-3.5E-1));
#904=LINE('',#903,#902);
#905=DIRECTION('',(0.E0,0.E0,1.E0));
#906=VECTOR('',#905,4.E-2);
#907=CARTESIAN_POINT('',(-1.37E-1,1.325E-1,-3.5E-1));
#908=LINE('',#907,#906);
#909=DIRECTION('',(1.E0,0.E0,0.E0));
#910=VECTOR('',#909,7.7E-2);
#911=CARTESIAN_POINT('',(-1.37E-1,1.325E-1,-3.1E-1));
#912=LINE('',#911,#910);
#913=DIRECTION('',(0.E0,0.E0,1.E0));
#914=VECTOR('',#913,4.E-2);
#915=CARTESIAN_POINT('',(-1.62E-1,9.821921205698E-2,-3.5E-1));
#916=LINE('',#915,#914);
#917=CARTESIAN_POINT('',(-1.97E-1,1.5E-1,-3.1E-1));
#918=DIRECTION('',(0.E0,0.E0,1.E0));
#919=DIRECTION('',(-3.181818181818E-1,-9.480297097552E-1,0.E0));
#920=AXIS2_PLACEMENT_3D('',#917,#918,#919);
#922=DIRECTION('',(0.E0,0.E0,1.E0));
#923=VECTOR('',#922,4.E-2);
#924=CARTESIAN_POINT('',(-1.62E-1,4.571673192693E-2,-3.5E-1));
#925=LINE('',#924,#923);
#926=CARTESIAN_POINT('',(-1.97E-1,1.5E-1,-4.999942869999E-2));
#927=DIRECTION('',(0.E0,0.E0,-1.E0));
#928=DIRECTION('',(5.749595745761E-1,-8.181818181818E-1,0.E0));
#929=AXIS2_PLACEMENT_3D('',#926,#927,#928);
#931=DIRECTION('',(0.E0,0.E0,1.E0));
#932=VECTOR('',#931,4.E-2);
#933=CARTESIAN_POINT('',(-2.32E-1,4.571673192693E-2,-3.5E-1));
#934=LINE('',#933,#932);
#935=DIRECTION('',(-5.264007855367E-8,7.490814502710E-8,1.E0));
#936=VECTOR('',#935,3.000000054933E-1);
#937=CARTESIAN_POINT('',(2.602455532034E-1,6.E-2,-3.5E-1));
#938=LINE('',#937,#936);
#939=DIRECTION('',(-9.999999999999E-1,4.806481066273E-7,1.174916367374E-7));
#940=VECTOR('',#939,4.675446258866E-2);
#941=CARTESIAN_POINT('',(3.07E-1,6.E-2,-5.E-2));
#942=LINE('',#941,#940);
#943=DIRECTION('',(-5.264007836863E-8,7.490814470328E-8,1.E0));
#944=VECTOR('',#943,3.000000054933E-1);
#945=CARTESIAN_POINT('',(6.324555320337E-2,6.E-2,-3.5E-1));
#946=LINE('',#945,#944);
#947=DIRECTION('',(5.264007827611E-8,7.490814470328E-8,1.E0));
#948=VECTOR('',#947,3.000000054933E-1);
#949=CARTESIAN_POINT('',(1.337544467966E-1,6.E-2,-3.5E-1));
#950=LINE('',#949,#948);
#951=DIRECTION('',(-1.E0,0.E0,0.E0));
#952=VECTOR('',#951,7.050892517731E-2);
#953=CARTESIAN_POINT('',(1.337544625887E-1,6.000002247244E-2,
-4.999999450674E-2));
#954=LINE('',#953,#952);
#955=DIRECTION('',(5.264007892374E-8,7.490814505023E-8,1.E0));
#956=VECTOR('',#955,3.000000054933E-1);
#957=CARTESIAN_POINT('',(-2.602455532034E-1,6.E-2,-3.5E-1));
#958=LINE('',#957,#956);
#959=DIRECTION('',(-9.999999999999E-1,-4.806481069242E-7,-1.174916373311E-7));
#960=VECTOR('',#959,4.675446258866E-2);
#961=CARTESIAN_POINT('',(-2.602455374113E-1,6.000002247244E-2,
-4.999999450674E-2));
#962=LINE('',#961,#960);
#963=DIRECTION('',(0.E0,0.E0,-1.E0));
#964=VECTOR('',#963,3.E-1);
#965=CARTESIAN_POINT('',(-3.07E-1,6.E-2,-5.E-2));
#966=LINE('',#965,#964);
#967=DIRECTION('',(-5.264007836863E-8,7.490814470328E-8,1.E0));
#968=VECTOR('',#967,3.000000054933E-1);
#969=CARTESIAN_POINT('',(-1.337544467966E-1,6.E-2,-3.5E-1));
#970=LINE('',#969,#968);
#971=DIRECTION('',(5.264007822985E-8,7.490814461076E-8,1.E0));
#972=VECTOR('',#971,3.000000054933E-1);
#973=CARTESIAN_POINT('',(-6.324555320337E-2,6.E-2,-3.5E-1));
#974=LINE('',#973,#972);
#975=DIRECTION('',(-1.E0,0.E0,0.E0));
#976=VECTOR('',#975,7.050892517731E-2);
#977=CARTESIAN_POINT('',(-6.324553741134E-2,6.000002247244E-2,
-4.999999450674E-2));
#978=LINE('',#977,#976);
#979=CARTESIAN_POINT('',(2.602455374113E-1,6.000002247244E-2,
-4.999999450674E-2));
#980=CARTESIAN_POINT('',(2.607650722711E-1,5.835709960590E-2,
-4.178538017404E-2));
#981=CARTESIAN_POINT('',(2.617984727324E-1,5.504745170625E-2,
-2.523740468534E-2));
#982=CARTESIAN_POINT('',(2.628227998078E-1,5.169044097122E-2,
-8.452030403364E-3));
#983=CARTESIAN_POINT('',(2.633324737234E-1,5.000003329251E-2,
7.990193991401E-9));
#985=CARTESIAN_POINT('',(6.324553741134E-2,6.000002247244E-2,
-4.999999450674E-2));
#986=CARTESIAN_POINT('',(6.376483362715E-2,5.835785426849E-2,
-4.178915348699E-2));
#987=CARTESIAN_POINT('',(6.479800698300E-2,5.504896117320E-2,
-2.524495202010E-2));
#988=CARTESIAN_POINT('',(6.582257223018E-2,5.169119576533E-2,
-8.455804373924E-3));
#989=CARTESIAN_POINT('',(6.633247372336E-2,5.000003329251E-2,
7.990193954394E-9));
#991=CARTESIAN_POINT('',(1.306675262766E-1,5.000003329251E-2,
7.990193954394E-9));
#992=CARTESIAN_POINT('',(1.311770997541E-1,5.169010785347E-2,
-8.450364814619E-3));
#993=CARTESIAN_POINT('',(1.322013217168E-1,5.504678552426E-2,
-2.523407377540E-2));
#994=CARTESIAN_POINT('',(1.332348224068E-1,5.835676654620E-2,
-4.178371487553E-2));
#995=CARTESIAN_POINT('',(1.337544625887E-1,6.000002247244E-2,
-4.999999450674E-2));
#997=CARTESIAN_POINT('',(-2.633324737234E-1,5.000003329251E-2,
7.990193954394E-9));
#998=CARTESIAN_POINT('',(-2.628234035305E-1,5.168843863687E-2,
-8.442018731619E-3));
#999=CARTESIAN_POINT('',(-2.617997082646E-1,5.504344735905E-2,
-2.521738294935E-2));
#1000=CARTESIAN_POINT('',(-2.607657053508E-1,5.835509762046E-2,
-4.177537024681E-2));
#1001=CARTESIAN_POINT('',(-2.602455374113E-1,6.000002247244E-2,
-4.999999450674E-2));
#1003=DIRECTION('',(1.924500897299E-1,1.924500897299E-1,-9.622504486494E-1));
#1004=VECTOR('',#1003,5.196152422707E-2);
#1005=CARTESIAN_POINT('',(-3.17E-1,5.E-2,0.E0));
#1006=LINE('',#1005,#1004);
#1007=CARTESIAN_POINT('',(-1.337544625887E-1,6.000002247244E-2,
-4.999999450674E-2));
#1008=CARTESIAN_POINT('',(-1.332341724390E-1,5.835471115577E-2,
-4.177343792338E-2));
#1009=CARTESIAN_POINT('',(-1.322000532304E-1,5.504267435700E-2,
-2.521351793910E-2));
#1010=CARTESIAN_POINT('',(-1.311764799264E-1,5.168805210483E-2,
-8.440086071430E-3));
#1011=CARTESIAN_POINT('',(-1.306675262766E-1,5.000003329251E-2,
7.990193917386E-9));
#1013=CARTESIAN_POINT('',(-6.633247372336E-2,5.000003329251E-2,
7.990193954394E-9));
#1014=CARTESIAN_POINT('',(-6.582247792382E-2,5.169150854612E-2,
-8.457368277846E-3));
#1015=CARTESIAN_POINT('',(-6.479781397897E-2,5.504958668450E-2,
-2.524807957660E-2));
#1016=CARTESIAN_POINT('',(-6.376473473498E-2,5.835816699478E-2,
-4.179071711841E-2));
#1017=CARTESIAN_POINT('',(-6.324553741134E-2,6.000002247244E-2,
-4.999999450674E-2));
#1019=DIRECTION('',(1.924500897299E-1,-1.924500897299E-1,-9.622504486494E-1));
#1020=VECTOR('',#1019,5.196152422707E-2);
#1021=CARTESIAN_POINT('',(-3.17E-1,2.8E-1,0.E0));
#1022=LINE('',#1021,#1020);
#1023=DIRECTION('',(0.E0,1.E0,0.E0));
#1024=VECTOR('',#1023,3.5E-2);
#1025=CARTESIAN_POINT('',(-3.07E-1,1.325E-1,-3.1E-1));
#1026=LINE('',#1025,#1024);
#1027=DIRECTION('',(0.E0,0.E0,1.E0));
#1028=VECTOR('',#1027,4.E-2);
#1029=CARTESIAN_POINT('',(-3.07E-1,1.325E-1,-3.5E-1));
#1030=LINE('',#1029,#1028);
#1031=DIRECTION('',(0.E0,1.E0,0.E0));
#1032=VECTOR('',#1031,2.1E-1);
#1033=CARTESIAN_POINT('',(-3.07E-1,6.E-2,-5.E-2));
#1034=LINE('',#1033,#1032);
#1035=DIRECTION('',(0.E0,0.E0,-1.E0));
#1036=VECTOR('',#1035,3.E-1);
#1037=CARTESIAN_POINT('',(-3.07E-1,2.7E-1,-5.E-2));
#1038=LINE('',#1037,#1036);
#1039=DIRECTION('',(0.E0,0.E0,1.E0));
#1040=VECTOR('',#1039,4.E-2);
#1041=CARTESIAN_POINT('',(-3.07E-1,1.675E-1,-3.5E-1));
#1042=LINE('',#1041,#1040);
#1043=DIRECTION('',(0.E0,0.E0,1.E0));
#1044=VECTOR('',#1043,4.E-2);
#1045=CARTESIAN_POINT('',(-2.57E-1,1.325E-1,-3.5E-1));
#1046=LINE('',#1045,#1044);
#1047=DIRECTION('',(0.E0,0.E0,1.E0));
#1048=VECTOR('',#1047,4.E-2);
#1049=CARTESIAN_POINT('',(-2.32E-1,9.821921205698E-2,-3.5E-1));
#1050=LINE('',#1049,#1048);
#1051=DIRECTION('',(-1.E0,0.E0,0.E0));
#1052=VECTOR('',#1051,2.283389957049E-2);
#1053=CARTESIAN_POINT('',(-2.329687364248E-1,1.675E-1,-3.3E-1));
#1054=LINE('',#1053,#1052);
#1055=DIRECTION('',(0.E0,0.E0,1.E0));
#1056=VECTOR('',#1055,2.E-2);
#1057=CARTESIAN_POINT('',(-2.558026359953E-1,1.675E-1,-3.5E-1));
#1058=LINE('',#1057,#1056);
#1059=DIRECTION('',(0.E0,1.E0,0.E0));
#1060=VECTOR('',#1059,6.2E-2);
#1061=CARTESIAN_POINT('',(-1.77E-1,2.08E-1,-3.3E-1));
#1062=LINE('',#1061,#1060);
#1063=CARTESIAN_POINT('',(-1.97E-1,1.5E-1,-3.3E-1));
#1064=DIRECTION('',(0.E0,0.E0,1.E0));
#1065=DIRECTION('',(9.584555744551E-1,2.852418479045E-1,0.E0));
#1066=AXIS2_PLACEMENT_3D('',#1063,#1064,#1065);
#1068=CARTESIAN_POINT('',(-1.97E-1,1.5E-1,-3.3E-1));
#1069=DIRECTION('',(0.E0,0.E0,1.E0));
#1070=DIRECTION('',(-3.259906833194E-1,9.453729816263E-1,0.E0));
#1071=AXIS2_PLACEMENT_3D('',#1068,#1069,#1070);
#1073=DIRECTION('',(0.E0,-1.E0,0.E0));
#1074=VECTOR('',#1073,6.2E-2);
#1075=CARTESIAN_POINT('',(-2.17E-1,2.7E-1,-3.3E-1));
#1076=LINE('',#1075,#1074);
#1077=DIRECTION('',(0.E0,0.E0,1.E0));
#1078=VECTOR('',#1077,2.E-2);
#1079=CARTESIAN_POINT('',(-1.77E-1,2.08E-1,-3.5E-1));
#1080=LINE('',#1079,#1078);
#1081=DIRECTION('',(1.E0,0.E0,0.E0));
#1082=VECTOR('',#1081,2.283389957049E-2);
#1083=CARTESIAN_POINT('',(-1.610312635752E-1,1.675E-1,-3.3E-1));
#1084=LINE('',#1083,#1082);
#1085=DIRECTION('',(0.E0,0.E0,1.E0));
#1086=VECTOR('',#1085,2.E-2);
#1087=CARTESIAN_POINT('',(-1.381973640047E-1,1.675E-1,-3.5E-1));
#1088=LINE('',#1087,#1086);
#1089=DIRECTION('',(1.E0,0.E0,0.E0));
#1090=VECTOR('',#1089,7.939472800933E-2);
#1091=CARTESIAN_POINT('',(-1.381973640047E-1,1.675E-1,-3.5E-1));
#1092=LINE('',#1091,#1090);
#1093=DIRECTION('',(0.E0,0.E0,1.E0));
#1094=VECTOR('',#1093,2.E-2);
#1095=CARTESIAN_POINT('',(-5.880263599534E-2,1.675E-1,-3.5E-1));
#1096=LINE('',#1095,#1094);
#1097=DIRECTION('',(-1.E0,0.E0,0.E0));
#1098=VECTOR('',#1097,2.283389957049E-2);
#1099=CARTESIAN_POINT('',(-3.596873642485E-2,1.675E-1,-3.3E-1));
#1100=LINE('',#1099,#1098);
#1101=DIRECTION('',(-1.E0,0.E0,0.E0));
#1102=VECTOR('',#1101,1.250625271503E-1);
#1103=CARTESIAN_POINT('',(-3.596873642485E-2,1.675E-1,-3.1E-1));
#1104=LINE('',#1103,#1102);
#1105=DIRECTION('',(0.E0,0.E0,1.E0));
#1106=VECTOR('',#1105,2.E-2);
#1107=CARTESIAN_POINT('',(-2.E-2,2.08E-1,-3.5E-1));
#1108=LINE('',#1107,#1106);
#1109=CARTESIAN_POINT('',(-1.97E-1,1.5E-1,-3.3E-1));
#1110=DIRECTION('',(0.E0,0.E0,1.E0));
#1111=DIRECTION('',(8.992184106211E-1,4.375E-1,0.E0));
#1112=AXIS2_PLACEMENT_3D('',#1109,#1110,#1111);
#1114=DIRECTION('',(0.E0,0.E0,1.E0));
#1115=VECTOR('',#1114,2.E-2);
#1116=CARTESIAN_POINT('',(-1.610312635752E-1,1.675E-1,-3.3E-1));
#1117=LINE('',#1116,#1115);
#1118=CARTESIAN_POINT('',(-1.97E-1,1.5E-1,-3.1E-1));
#1119=DIRECTION('',(0.E0,0.E0,1.E0));
#1120=DIRECTION('',(0.E0,-1.E0,0.E0));
#1121=AXIS2_PLACEMENT_3D('',#1118,#1119,#1120);
#1123=CARTESIAN_POINT('',(-1.97E-1,1.5E-1,-2.9E-1));
#1124=DIRECTION('',(0.E0,0.E0,1.E0));
#1125=DIRECTION('',(0.E0,-1.E0,0.E0));
#1126=AXIS2_PLACEMENT_3D('',#1123,#1124,#1125);
#1128=CARTESIAN_POINT('',(-1.97E-1,1.5E-1,-3.3E-1));
#1129=DIRECTION('',(0.E0,0.E0,1.E0));
#1130=DIRECTION('',(0.E0,1.E0,0.E0));
#1131=AXIS2_PLACEMENT_3D('',#1128,#1129,#1130);
#1133=DIRECTION('',(0.E0,0.E0,-1.E0));
#1134=VECTOR('',#1133,4.E-2);
#1135=CARTESIAN_POINT('',(-1.97E-1,1.9E-1,-2.9E-1));
#1136=LINE('',#1135,#1134);
#1137=CARTESIAN_POINT('',(-1.97E-1,1.5E-1,-2.9E-1));
#1138=DIRECTION('',(0.E0,0.E0,-1.E0));
#1139=DIRECTION('',(0.E0,-1.E0,0.E0));
#1140=AXIS2_PLACEMENT_3D('',#1137,#1138,#1139);
#1142=DIRECTION('',(0.E0,0.E0,-1.E0));
#1143=VECTOR('',#1142,2.E-2);
#1144=CARTESIAN_POINT('',(-1.97E-1,1.1E-1,-2.9E-1));
#1145=LINE('',#1144,#1143);
#1146=CARTESIAN_POINT('',(-1.97E-1,1.5E-1,-3.1E-1));
#1147=DIRECTION('',(0.E0,0.E0,1.E0));
#1148=DIRECTION('',(-8.992184106211E-1,4.375E-1,0.E0));
#1149=AXIS2_PLACEMENT_3D('',#1146,#1147,#1148);
#1151=DIRECTION('',(0.E0,0.E0,1.E0));
#1152=VECTOR('',#1151,2.E-2);
#1153=CARTESIAN_POINT('',(-2.329687364248E-1,1.675E-1,-3.3E-1));
#1154=LINE('',#1153,#1152);
#1155=DIRECTION('',(0.E0,1.E0,0.E0));
#1156=VECTOR('',#1155,3.9E-2);
#1157=CARTESIAN_POINT('',(-2.165E-1,1.305E-1,-2.9E-1));
#1158=LINE('',#1157,#1156);
#1159=DIRECTION('',(1.E0,0.E0,0.E0));
#1160=VECTOR('',#1159,3.9E-2);
#1161=CARTESIAN_POINT('',(-2.165E-1,1.305E-1,-2.9E-1));
#1162=LINE('',#1161,#1160);
#1163=DIRECTION('',(0.E0,1.E0,0.E0));
#1164=VECTOR('',#1163,3.9E-2);
#1165=CARTESIAN_POINT('',(-1.775E-1,1.305E-1,-2.9E-1));
#1166=LINE('',#1165,#1164);
#1167=DIRECTION('',(1.E0,0.E0,0.E0));
#1168=VECTOR('',#1167,3.9E-2);
#1169=CARTESIAN_POINT('',(-2.165E-1,1.695E-1,-2.9E-1));
#1170=LINE('',#1169,#1168);
#1171=DIRECTION('',(0.E0,1.E0,0.E0));
#1172=VECTOR('',#1171,3.9E-2);
#1173=CARTESIAN_POINT('',(-2.165E-1,1.305E-1,-8.E-2));
#1174=LINE('',#1173,#1172);
#1175=DIRECTION('',(0.E0,0.E0,-1.E0));
#1176=VECTOR('',#1175,2.1E-1);
#1177=CARTESIAN_POINT('',(-2.165E-1,1.305E-1,-8.E-2));
#1178=LINE('',#1177,#1176);
#1179=DIRECTION('',(0.E0,0.E0,1.E0));
#1180=VECTOR('',#1179,2.1E-1);
#1181=CARTESIAN_POINT('',(-2.165E-1,1.695E-1,-2.9E-1));
#1182=LINE('',#1181,#1180);
#1183=DIRECTION('',(0.E0,0.E0,1.E0));
#1184=VECTOR('',#1183,3.9E-2);
#1185=CARTESIAN_POINT('',(-2.165E-1,-1.2E-1,-4.095E-1));
#1186=LINE('',#1185,#1184);
#1187=DIRECTION('',(0.E0,1.E0,0.E0));
#1188=VECTOR('',#1187,1.3E-1);
#1189=CARTESIAN_POINT('',(-2.165E-1,-1.2E-1,-4.095E-1));
#1190=LINE('',#1189,#1188);
#1191=DIRECTION('',(0.E0,-1.E0,0.E0));
#1192=VECTOR('',#1191,1.3E-1);
#1193=CARTESIAN_POINT('',(-2.165E-1,1.E-2,-3.705E-1));
#1194=LINE('',#1193,#1192);
#1195=DIRECTION('',(-3.015113445778E-1,-3.015113445778E-1,9.045340337333E-1));
#1196=VECTOR('',#1195,3.316624790355E-2);
#1197=CARTESIAN_POINT('',(-1.775E-1,1.695E-1,-8.E-2));
#1198=LINE('',#1197,#1196);
#1199=DIRECTION('',(-3.015113445778E-1,3.015113445778E-1,-9.045340337333E-1));
#1200=VECTOR('',#1199,3.316624790355E-2);
#1201=CARTESIAN_POINT('',(-2.065E-1,1.595E-1,-5.E-2));
#1202=LINE('',#1201,#1200);
#1203=DIRECTION('',(-1.E0,0.E0,0.E0));
#1204=VECTOR('',#1203,3.9E-2);
#1205=CARTESIAN_POINT('',(-1.775E-1,1.695E-1,-8.E-2));
#1206=LINE('',#1205,#1204);
#1207=DIRECTION('',(0.E0,-1.E0,0.E0));
#1208=VECTOR('',#1207,3.9E-2);
#1209=CARTESIAN_POINT('',(-1.775E-1,1.695E-1,-8.E-2));
#1210=LINE('',#1209,#1208);
#1211=DIRECTION('',(0.E0,0.E0,1.E0));
#1212=VECTOR('',#1211,2.1E-1);
#1213=CARTESIAN_POINT('',(-1.775E-1,1.695E-1,-2.9E-1));
#1214=LINE('',#1213,#1212);
#1215=DIRECTION('',(0.E0,0.E0,-1.E0));
#1216=VECTOR('',#1215,2.1E-1);
#1217=CARTESIAN_POINT('',(-1.775E-1,1.305E-1,-8.E-2));
#1218=LINE('',#1217,#1216);
#1219=DIRECTION('',(0.E0,0.E0,-1.E0));
#1220=VECTOR('',#1219,3.9E-2);
#1221=CARTESIAN_POINT('',(-1.775E-1,-1.2E-1,-3.705E-1));
#1222=LINE('',#1221,#1220);
#1223=DIRECTION('',(0.E0,-1.E0,0.E0));
#1224=VECTOR('',#1223,1.3E-1);
#1225=CARTESIAN_POINT('',(-1.775E-1,1.E-2,-3.705E-1));
#1226=LINE('',#1225,#1224);
#1227=DIRECTION('',(0.E0,1.E0,0.E0));
#1228=VECTOR('',#1227,1.3E-1);
#1229=CARTESIAN_POINT('',(-1.775E-1,-1.2E-1,-4.095E-1));
#1230=LINE('',#1229,#1228);
#1231=DIRECTION('',(0.E0,1.E0,0.E0));
#1232=VECTOR('',#1231,1.9E-2);
#1233=CARTESIAN_POINT('',(-2.065E-1,1.405E-1,-5.E-2));
#1234=LINE('',#1233,#1232);
#1235=DIRECTION('',(-1.E0,0.E0,0.E0));
#1236=VECTOR('',#1235,1.9E-2);
#1237=CARTESIAN_POINT('',(-1.875E-1,1.595E-1,-5.E-2));
#1238=LINE('',#1237,#1236);
#1239=DIRECTION('',(0.E0,-1.E0,0.E0));
#1240=VECTOR('',#1239,1.9E-2);
#1241=CARTESIAN_POINT('',(-1.875E-1,1.595E-1,-5.E-2));
#1242=LINE('',#1241,#1240);
#1243=DIRECTION('',(-1.E0,0.E0,0.E0));
#1244=VECTOR('',#1243,1.9E-2);
#1245=CARTESIAN_POINT('',(-1.875E-1,1.405E-1,-5.E-2));
#1246=LINE('',#1245,#1244);
#1247=DIRECTION('',(3.015113445778E-1,-3.015113445778E-1,-9.045340337333E-1));
#1248=VECTOR('',#1247,3.316624790355E-2);
#1249=CARTESIAN_POINT('',(-1.875E-1,1.405E-1,-5.E-2));
#1250=LINE('',#1249,#1248);
#1251=DIRECTION('',(3.015113445778E-1,3.015113445778E-1,9.045340337333E-1));
#1252=VECTOR('',#1251,3.316624790355E-2);
#1253=CARTESIAN_POINT('',(-2.165E-1,1.305E-1,-8.E-2));
#1254=LINE('',#1253,#1252);
#1255=DIRECTION('',(-1.E0,0.E0,0.E0));
#1256=VECTOR('',#1255,3.9E-2);
#1257=CARTESIAN_POINT('',(-1.775E-1,1.305E-1,-8.E-2));
#1258=LINE('',#1257,#1256);
#1259=DIRECTION('',(0.E0,0.E0,1.E0));
#1260=VECTOR('',#1259,1.9E-2);
#1261=CARTESIAN_POINT('',(-2.065E-1,-1.5E-1,-3.995E-1));
#1262=LINE('',#1261,#1260);
#1263=DIRECTION('',(-1.E0,0.E0,0.E0));
#1264=VECTOR('',#1263,1.9E-2);
#1265=CARTESIAN_POINT('',(-1.875E-1,-1.5E-1,-3.805E-1));
#1266=LINE('',#1265,#1264);
#1267=DIRECTION('',(0.E0,0.E0,-1.E0));
#1268=VECTOR('',#1267,1.9E-2);
#1269=CARTESIAN_POINT('',(-1.875E-1,-1.5E-1,-3.805E-1));
#1270=LINE('',#1269,#1268);
#1271=DIRECTION('',(-1.E0,0.E0,0.E0));
#1272=VECTOR('',#1271,1.9E-2);
#1273=CARTESIAN_POINT('',(-1.875E-1,-1.5E-1,-3.995E-1));
#1274=LINE('',#1273,#1272);
#1275=DIRECTION('',(3.015113445778E-1,-9.045340337333E-1,-3.015113445778E-1));
#1276=VECTOR('',#1275,3.316624790355E-2);
#1277=CARTESIAN_POINT('',(-2.165E-1,-1.2E-1,-3.705E-1));
#1278=LINE('',#1277,#1276);
#1279=DIRECTION('',(-3.015113445778E-1,-9.045340337333E-1,-3.015113445778E-1));
#1280=VECTOR('',#1279,3.316624790355E-2);
#1281=CARTESIAN_POINT('',(-1.775E-1,-1.2E-1,-3.705E-1));
#1282=LINE('',#1281,#1280);
#1283=DIRECTION('',(-1.E0,0.E0,0.E0));
#1284=VECTOR('',#1283,3.9E-2);
#1285=CARTESIAN_POINT('',(-1.775E-1,-1.2E-1,-3.705E-1));
#1286=LINE('',#1285,#1284);
#1287=DIRECTION('',(-1.E0,0.E0,0.E0));
#1288=VECTOR('',#1287,1.E-1);
#1289=CARTESIAN_POINT('',(-1.47E-1,1.E-2,-4.6E-1));
#1290=LINE('',#1289,#1288);
#1291=DIRECTION('',(0.E0,0.E0,-1.E0));
#1292=VECTOR('',#1291,3.9E-2);
#1293=CARTESIAN_POINT('',(-2.165E-1,1.E-2,-3.705E-1));
#1294=LINE('',#1293,#1292);
#1295=DIRECTION('',(1.E0,0.E0,0.E0));
#1296=VECTOR('',#1295,3.9E-2);
#1297=CARTESIAN_POINT('',(-2.165E-1,1.E-2,-4.095E-1));
#1298=LINE('',#1297,#1296);
#1299=DIRECTION('',(0.E0,0.E0,-1.E0));
#1300=VECTOR('',#1299,3.9E-2);
#1301=CARTESIAN_POINT('',(-1.775E-1,1.E-2,-3.705E-1));
#1302=LINE('',#1301,#1300);
#1303=DIRECTION('',(1.E0,0.E0,0.E0));
#1304=VECTOR('',#1303,3.9E-2);
#1305=CARTESIAN_POINT('',(-2.165E-1,1.E-2,-3.705E-1));
#1306=LINE('',#1305,#1304);
#1307=DIRECTION('',(-1.E0,0.E0,0.E0));
#1308=VECTOR('',#1307,1.E-1);
#1309=CARTESIAN_POINT('',(-1.47E-1,2.E-1,-4.6E-1));
#1310=LINE('',#1309,#1308);
#1311=DIRECTION('',(0.E0,-7.071067811865E-1,7.071067811865E-1));
#1312=VECTOR('',#1311,1.414213562373E-2);
#1313=CARTESIAN_POINT('',(-2.47E-1,1.E-2,-3.5E-1));
#1314=LINE('',#1313,#1312);
#1315=DIRECTION('',(0.E0,0.E0,1.E0));
#1316=VECTOR('',#1315,1.1E-1);
#1317=CARTESIAN_POINT('',(-2.47E-1,1.E-2,-4.6E-1));
#1318=LINE('',#1317,#1316);
#1319=DIRECTION('',(0.E0,-1.E0,0.E0));
#1320=VECTOR('',#1319,1.9E-1);
#1321=CARTESIAN_POINT('',(-2.47E-1,2.E-1,-4.6E-1));
#1322=LINE('',#1321,#1320);
#1323=DIRECTION('',(0.E0,0.E0,1.E0));
#1324=VECTOR('',#1323,1.E-2);
#1325=CARTESIAN_POINT('',(-2.47E-1,2.E-1,-4.7E-1));
#1326=LINE('',#1325,#1324);
#1327=DIRECTION('',(-1.E0,0.E0,0.E0));
#1328=VECTOR('',#1327,1.E-1);
#1329=CARTESIAN_POINT('',(-1.47E-1,1.E-2,-3.5E-1));
#1330=LINE('',#1329,#1328);
#1331=DIRECTION('',(-1.E0,0.E0,0.E0));
#1332=VECTOR('',#1331,3.9E-2);
#1333=CARTESIAN_POINT('',(-1.775E-1,-1.2E-1,-4.095E-1));
#1334=LINE('',#1333,#1332);
#1335=DIRECTION('',(3.015113445778E-1,9.045340337333E-1,-3.015113445778E-1));
#1336=VECTOR('',#1335,3.316624790355E-2);
#1337=CARTESIAN_POINT('',(-1.875E-1,-1.5E-1,-3.995E-1));
#1338=LINE('',#1337,#1336);
#1339=DIRECTION('',(3.015113445778E-1,-9.045340337333E-1,3.015113445778E-1));
#1340=VECTOR('',#1339,3.316624790355E-2);
#1341=CARTESIAN_POINT('',(-2.165E-1,-1.2E-1,-4.095E-1));
#1342=LINE('',#1341,#1340);
#1343=DIRECTION('',(0.E0,0.E0,1.E0));
#1344=VECTOR('',#1343,2.E-2);
#1345=CARTESIAN_POINT('',(-2.17E-1,2.08E-1,-3.5E-1));
#1346=LINE('',#1345,#1344);
#1347=DIRECTION('',(0.E0,0.E0,1.E0));
#1348=VECTOR('',#1347,4.E-2);
#1349=CARTESIAN_POINT('',(-6.E-2,1.325E-1,-3.5E-1));
#1350=LINE('',#1349,#1348);
#1351=DIRECTION('',(0.E0,0.E0,1.E0));
#1352=VECTOR('',#1351,4.E-2);
#1353=CARTESIAN_POINT('',(-3.5E-2,9.821921205698E-2,-3.5E-1));
#1354=LINE('',#1353,#1352);
#1355=CARTESIAN_POINT('',(0.E0,1.5E-1,-3.3E-1));
#1356=DIRECTION('',(0.E0,0.E0,1.E0));
#1357=DIRECTION('',(8.992184106211E-1,4.375E-1,0.E0));
#1358=AXIS2_PLACEMENT_3D('',#1355,#1356,#1357);
#1360=DIRECTION('',(0.E0,0.E0,1.E0));
#1361=VECTOR('',#1360,2.E-2);
#1362=CARTESIAN_POINT('',(3.596873642485E-2,1.675E-1,-3.3E-1));
#1363=LINE('',#1362,#1361);
#1364=CARTESIAN_POINT('',(0.E0,1.5E-1,-3.1E-1));
#1365=DIRECTION('',(0.E0,0.E0,1.E0));
#1366=DIRECTION('',(0.E0,-1.E0,0.E0));
#1367=AXIS2_PLACEMENT_3D('',#1364,#1365,#1366);
#1369=CARTESIAN_POINT('',(0.E0,1.5E-1,-2.9E-1));
#1370=DIRECTION('',(0.E0,0.E0,1.E0));
#1371=DIRECTION('',(0.E0,-1.E0,0.E0));
#1372=AXIS2_PLACEMENT_3D('',#1369,#1370,#1371);
#1374=DIRECTION('',(1.E0,0.E0,0.E0));
#1375=VECTOR('',#1374,2.283389957049E-2);
#1376=CARTESIAN_POINT('',(3.596873642485E-2,1.675E-1,-3.3E-1));
#1377=LINE('',#1376,#1375);
#1378=DIRECTION('',(0.E0,0.E0,1.E0));
#1379=VECTOR('',#1378,2.E-2);
#1380=CARTESIAN_POINT('',(5.880263599534E-2,1.675E-1,-3.5E-1));
#1381=LINE('',#1380,#1379);
#1382=DIRECTION('',(1.E0,0.E0,0.E0));
#1383=VECTOR('',#1382,7.939472800933E-2);
#1384=CARTESIAN_POINT('',(5.880263599534E-2,1.675E-1,-3.5E-1));
#1385=LINE('',#1384,#1383);
#1386=DIRECTION('',(0.E0,0.E0,-1.E0));
#1387=VECTOR('',#1386,2.E-2);
#1388=CARTESIAN_POINT('',(1.381973640047E-1,1.675E-1,-3.3E-1));
#1389=LINE('',#1388,#1387);
#1390=DIRECTION('',(-1.E0,0.E0,0.E0));
#1391=VECTOR('',#1390,2.283389957049E-2);
#1392=CARTESIAN_POINT('',(1.610312635752E-1,1.675E-1,-3.3E-1));
#1393=LINE('',#1392,#1391);
#1394=DIRECTION('',(-1.E0,0.E0,0.E0));
#1395=VECTOR('',#1394,1.250625271503E-1);
#1396=CARTESIAN_POINT('',(1.610312635752E-1,1.675E-1,-3.1E-1));
#1397=LINE('',#1396,#1395);
#1398=DIRECTION('',(0.E0,0.E0,1.E0));
#1399=VECTOR('',#1398,2.E-2);
#1400=CARTESIAN_POINT('',(2.E-2,2.08E-1,-3.5E-1));
#1401=LINE('',#1400,#1399);
#1402=DIRECTION('',(0.E0,0.E0,1.E0));
#1403=VECTOR('',#1402,2.E-2);
#1404=CARTESIAN_POINT('',(1.77E-1,2.08E-1,-3.5E-1));
#1405=LINE('',#1404,#1403);
#1406=DIRECTION('',(0.E0,1.E0,0.E0));
#1407=VECTOR('',#1406,6.2E-2);
#1408=CARTESIAN_POINT('',(2.17E-1,2.08E-1,-3.3E-1));
#1409=LINE('',#1408,#1407);
#1410=CARTESIAN_POINT('',(1.97E-1,1.5E-1,-3.3E-1));
#1411=DIRECTION('',(0.E0,0.E0,1.E0));
#1412=DIRECTION('',(9.584555744551E-1,2.852418479045E-1,0.E0));
#1413=AXIS2_PLACEMENT_3D('',#1410,#1411,#1412);
#1415=CARTESIAN_POINT('',(1.97E-1,1.5E-1,-3.3E-1));
#1416=DIRECTION('',(0.E0,0.E0,1.E0));
#1417=DIRECTION('',(-3.259906833194E-1,9.453729816263E-1,0.E0));
#1418=AXIS2_PLACEMENT_3D('',#1415,#1416,#1417);
#1420=DIRECTION('',(0.E0,-1.E0,0.E0));
#1421=VECTOR('',#1420,6.2E-2);
#1422=CARTESIAN_POINT('',(1.77E-1,2.7E-1,-3.3E-1));
#1423=LINE('',#1422,#1421);
#1424=DIRECTION('',(0.E0,0.E0,1.E0));
#1425=VECTOR('',#1424,2.E-2);
#1426=CARTESIAN_POINT('',(2.17E-1,2.08E-1,-3.5E-1));
#1427=LINE('',#1426,#1425);
#1428=DIRECTION('',(0.E0,0.E0,-1.E0));
#1429=VECTOR('',#1428,2.E-2);
#1430=CARTESIAN_POINT('',(2.558026359953E-1,1.675E-1,-3.3E-1));
#1431=LINE('',#1430,#1429);
#1432=DIRECTION('',(1.E0,0.E0,0.E0));
#1433=VECTOR('',#1432,2.283389957049E-2);
#1434=CARTESIAN_POINT('',(2.329687364248E-1,1.675E-1,-3.3E-1));
#1435=LINE('',#1434,#1433);
#1436=CARTESIAN_POINT('',(1.97E-1,1.5E-1,-3.3E-1));
#1437=DIRECTION('',(0.E0,0.E0,1.E0));
#1438=DIRECTION('',(8.992184106211E-1,4.375E-1,0.E0));
#1439=AXIS2_PLACEMENT_3D('',#1436,#1437,#1438);
#1441=DIRECTION('',(0.E0,0.E0,1.E0));
#1442=VECTOR('',#1441,2.E-2);
#1443=CARTESIAN_POINT('',(2.329687364248E-1,1.675E-1,-3.3E-1));
#1444=LINE('',#1443,#1442);
#1445=CARTESIAN_POINT('',(1.97E-1,1.5E-1,-3.1E-1));
#1446=DIRECTION('',(0.E0,0.E0,1.E0));
#1447=DIRECTION('',(0.E0,-1.E0,0.E0));
#1448=AXIS2_PLACEMENT_3D('',#1445,#1446,#1447);
#1450=CARTESIAN_POINT('',(1.97E-1,1.5E-1,-2.9E-1));
#1451=DIRECTION('',(0.E0,0.E0,1.E0));
#1452=DIRECTION('',(0.E0,-1.E0,0.E0));
#1453=AXIS2_PLACEMENT_3D('',#1450,#1451,#1452);
#1455=DIRECTION('',(0.E0,0.E0,-1.E0));
#1456=VECTOR('',#1455,4.E-2);
#1457=CARTESIAN_POINT('',(1.97E-1,1.9E-1,-2.9E-1));
#1458=LINE('',#1457,#1456);
#1459=CARTESIAN_POINT('',(1.97E-1,1.5E-1,-2.9E-1));
#1460=DIRECTION('',(0.E0,0.E0,-1.E0));
#1461=DIRECTION('',(0.E0,-1.E0,0.E0));
#1462=AXIS2_PLACEMENT_3D('',#1459,#1460,#1461);
#1464=DIRECTION('',(0.E0,0.E0,-1.E0));
#1465=VECTOR('',#1464,2.E-2);
#1466=CARTESIAN_POINT('',(1.97E-1,1.1E-1,-2.9E-1));
#1467=LINE('',#1466,#1465);
#1468=CARTESIAN_POINT('',(1.97E-1,1.5E-1,-3.1E-1));
#1469=DIRECTION('',(0.E0,0.E0,1.E0));
#1470=DIRECTION('',(-8.992184106211E-1,4.375E-1,0.E0));
#1471=AXIS2_PLACEMENT_3D('',#1468,#1469,#1470);
#1473=DIRECTION('',(0.E0,0.E0,1.E0));
#1474=VECTOR('',#1473,2.E-2);
#1475=CARTESIAN_POINT('',(1.610312635752E-1,1.675E-1,-3.3E-1));
#1476=LINE('',#1475,#1474);
#1477=CARTESIAN_POINT('',(1.97E-1,1.5E-1,-3.3E-1));
#1478=DIRECTION('',(0.E0,0.E0,1.E0));
#1479=DIRECTION('',(0.E0,1.E0,0.E0));
#1480=AXIS2_PLACEMENT_3D('',#1477,#1478,#1479);
#1482=DIRECTION('',(0.E0,1.E0,0.E0));
#1483=VECTOR('',#1482,3.9E-2);
#1484=CARTESIAN_POINT('',(1.775E-1,1.305E-1,-2.9E-1));
#1485=LINE('',#1484,#1483);
#1486=DIRECTION('',(1.E0,0.E0,0.E0));
#1487=VECTOR('',#1486,3.9E-2);
#1488=CARTESIAN_POINT('',(1.775E-1,1.305E-1,-2.9E-1));
#1489=LINE('',#1488,#1487);
#1490=DIRECTION('',(0.E0,1.E0,0.E0));
#1491=VECTOR('',#1490,3.9E-2);
#1492=CARTESIAN_POINT('',(2.165E-1,1.305E-1,-2.9E-1));
#1493=LINE('',#1492,#1491);
#1494=DIRECTION('',(1.E0,0.E0,0.E0));
#1495=VECTOR('',#1494,3.9E-2);
#1496=CARTESIAN_POINT('',(1.775E-1,1.695E-1,-2.9E-1));
#1497=LINE('',#1496,#1495);
#1498=DIRECTION('',(0.E0,1.E0,0.E0));
#1499=VECTOR('',#1498,3.9E-2);
#1500=CARTESIAN_POINT('',(1.775E-1,1.305E-1,-8.E-2));
#1501=LINE('',#1500,#1499);
#1502=DIRECTION('',(0.E0,0.E0,-1.E0));
#1503=VECTOR('',#1502,2.1E-1);
#1504=CARTESIAN_POINT('',(1.775E-1,1.305E-1,-8.E-2));
#1505=LINE('',#1504,#1503);
#1506=DIRECTION('',(0.E0,0.E0,1.E0));
#1507=VECTOR('',#1506,2.1E-1);
#1508=CARTESIAN_POINT('',(1.775E-1,1.695E-1,-2.9E-1));
#1509=LINE('',#1508,#1507);
#1510=DIRECTION('',(0.E0,0.E0,1.E0));
#1511=VECTOR('',#1510,3.9E-2);
#1512=CARTESIAN_POINT('',(1.775E-1,-1.2E-1,-4.095E-1));
#1513=LINE('',#1512,#1511);
#1514=DIRECTION('',(0.E0,1.E0,0.E0));
#1515=VECTOR('',#1514,1.3E-1);
#1516=CARTESIAN_POINT('',(1.775E-1,-1.2E-1,-4.095E-1));
#1517=LINE('',#1516,#1515);
#1518=DIRECTION('',(0.E0,-1.E0,0.E0));
#1519=VECTOR('',#1518,1.3E-1);
#1520=CARTESIAN_POINT('',(1.775E-1,1.E-2,-3.705E-1));
#1521=LINE('',#1520,#1519);
#1522=DIRECTION('',(-3.015113445778E-1,-3.015113445778E-1,9.045340337333E-1));
#1523=VECTOR('',#1522,3.316624790355E-2);
#1524=CARTESIAN_POINT('',(2.165E-1,1.695E-1,-8.E-2));
#1525=LINE('',#1524,#1523);
#1526=DIRECTION('',(-3.015113445778E-1,3.015113445778E-1,-9.045340337333E-1));
#1527=VECTOR('',#1526,3.316624790355E-2);
#1528=CARTESIAN_POINT('',(1.875E-1,1.595E-1,-5.E-2));
#1529=LINE('',#1528,#1527);
#1530=DIRECTION('',(-1.E0,0.E0,0.E0));
#1531=VECTOR('',#1530,3.9E-2);
#1532=CARTESIAN_POINT('',(2.165E-1,1.695E-1,-8.E-2));
#1533=LINE('',#1532,#1531);
#1534=DIRECTION('',(0.E0,-1.E0,0.E0));
#1535=VECTOR('',#1534,3.9E-2);
#1536=CARTESIAN_POINT('',(2.165E-1,1.695E-1,-8.E-2));
#1537=LINE('',#1536,#1535);
#1538=DIRECTION('',(0.E0,0.E0,1.E0));
#1539=VECTOR('',#1538,2.1E-1);
#1540=CARTESIAN_POINT('',(2.165E-1,1.695E-1,-2.9E-1));
#1541=LINE('',#1540,#1539);
#1542=DIRECTION('',(0.E0,0.E0,-1.E0));
#1543=VECTOR('',#1542,2.1E-1);
#1544=CARTESIAN_POINT('',(2.165E-1,1.305E-1,-8.E-2));
#1545=LINE('',#1544,#1543);
#1546=DIRECTION('',(0.E0,0.E0,-1.E0));
#1547=VECTOR('',#1546,3.9E-2);
#1548=CARTESIAN_POINT('',(2.165E-1,-1.2E-1,-3.705E-1));
#1549=LINE('',#1548,#1547);
#1550=DIRECTION('',(0.E0,-1.E0,0.E0));
#1551=VECTOR('',#1550,1.3E-1);
#1552=CARTESIAN_POINT('',(2.165E-1,1.E-2,-3.705E-1));
#1553=LINE('',#1552,#1551);
#1554=DIRECTION('',(0.E0,1.E0,0.E0));
#1555=VECTOR('',#1554,1.3E-1);
#1556=CARTESIAN_POINT('',(2.165E-1,-1.2E-1,-4.095E-1));
#1557=LINE('',#1556,#1555);
#1558=DIRECTION('',(0.E0,1.E0,0.E0));
#1559=VECTOR('',#1558,1.9E-2);
#1560=CARTESIAN_POINT('',(1.875E-1,1.405E-1,-5.E-2));
#1561=LINE('',#1560,#1559);
#1562=DIRECTION('',(-1.E0,0.E0,0.E0));
#1563=VECTOR('',#1562,1.9E-2);
#1564=CARTESIAN_POINT('',(2.065E-1,1.595E-1,-5.E-2));
#1565=LINE('',#1564,#1563);
#1566=DIRECTION('',(0.E0,-1.E0,0.E0));
#1567=VECTOR('',#1566,1.9E-2);
#1568=CARTESIAN_POINT('',(2.065E-1,1.595E-1,-5.E-2));
#1569=LINE('',#1568,#1567);
#1570=DIRECTION('',(-1.E0,0.E0,0.E0));
#1571=VECTOR('',#1570,1.9E-2);
#1572=CARTESIAN_POINT('',(2.065E-1,1.405E-1,-5.E-2));
#1573=LINE('',#1572,#1571);
#1574=DIRECTION('',(3.015113445778E-1,-3.015113445778E-1,-9.045340337333E-1));
#1575=VECTOR('',#1574,3.316624790355E-2);
#1576=CARTESIAN_POINT('',(2.065E-1,1.405E-1,-5.E-2));
#1577=LINE('',#1576,#1575);
#1578=DIRECTION('',(3.015113445778E-1,3.015113445778E-1,9.045340337333E-1));
#1579=VECTOR('',#1578,3.316624790355E-2);
#1580=CARTESIAN_POINT('',(1.775E-1,1.305E-1,-8.E-2));
#1581=LINE('',#1580,#1579);
#1582=DIRECTION('',(-1.E0,0.E0,0.E0));
#1583=VECTOR('',#1582,3.9E-2);
#1584=CARTESIAN_POINT('',(2.165E-1,1.305E-1,-8.E-2));
#1585=LINE('',#1584,#1583);
#1586=DIRECTION('',(0.E0,0.E0,1.E0));
#1587=VECTOR('',#1586,1.9E-2);
#1588=CARTESIAN_POINT('',(1.875E-1,-1.5E-1,-3.995E-1));
#1589=LINE('',#1588,#1587);
#1590=DIRECTION('',(-1.E0,0.E0,0.E0));
#1591=VECTOR('',#1590,1.9E-2);
#1592=CARTESIAN_POINT('',(2.065E-1,-1.5E-1,-3.805E-1));
#1593=LINE('',#1592,#1591);
#1594=DIRECTION('',(0.E0,0.E0,-1.E0));
#1595=VECTOR('',#1594,1.9E-2);
#1596=CARTESIAN_POINT('',(2.065E-1,-1.5E-1,-3.805E-1));
#1597=LINE('',#1596,#1595);
#1598=DIRECTION('',(-1.E0,0.E0,0.E0));
#1599=VECTOR('',#1598,1.9E-2);
#1600=CARTESIAN_POINT('',(2.065E-1,-1.5E-1,-3.995E-1));
#1601=LINE('',#1600,#1599);
#1602=DIRECTION('',(3.015113445778E-1,-9.045340337333E-1,-3.015113445778E-1));
#1603=VECTOR('',#1602,3.316624790355E-2);
#1604=CARTESIAN_POINT('',(1.775E-1,-1.2E-1,-3.705E-1));
#1605=LINE('',#1604,#1603);
#1606=DIRECTION('',(-3.015113445778E-1,-9.045340337333E-1,-3.015113445778E-1));
#1607=VECTOR('',#1606,3.316624790355E-2);
#1608=CARTESIAN_POINT('',(2.165E-1,-1.2E-1,-3.705E-1));
#1609=LINE('',#1608,#1607);
#1610=DIRECTION('',(-1.E0,0.E0,0.E0));
#1611=VECTOR('',#1610,3.9E-2);
#1612=CARTESIAN_POINT('',(2.165E-1,-1.2E-1,-3.705E-1));
#1613=LINE('',#1612,#1611);
#1614=DIRECTION('',(-1.E0,0.E0,0.E0));
#1615=VECTOR('',#1614,1.E-1);
#1616=CARTESIAN_POINT('',(2.47E-1,1.E-2,-4.6E-1));
#1617=LINE('',#1616,#1615);
#1618=DIRECTION('',(0.E0,0.E0,-1.E0));
#1619=VECTOR('',#1618,3.9E-2);
#1620=CARTESIAN_POINT('',(1.775E-1,1.E-2,-3.705E-1));
#1621=LINE('',#1620,#1619);
#1622=DIRECTION('',(-1.E0,0.E0,0.E0));
#1623=VECTOR('',#1622,3.9E-2);
#1624=CARTESIAN_POINT('',(2.165E-1,1.E-2,-4.095E-1));
#1625=LINE('',#1624,#1623);
#1626=DIRECTION('',(0.E0,0.E0,-1.E0));
#1627=VECTOR('',#1626,3.9E-2);
#1628=CARTESIAN_POINT('',(2.165E-1,1.E-2,-3.705E-1));
#1629=LINE('',#1628,#1627);
#1630=DIRECTION('',(-1.E0,0.E0,0.E0));
#1631=VECTOR('',#1630,3.9E-2);
#1632=CARTESIAN_POINT('',(2.165E-1,1.E-2,-3.705E-1));
#1633=LINE('',#1632,#1631);
#1634=DIRECTION('',(0.E0,0.E0,1.E0));
#1635=VECTOR('',#1634,1.E-2);
#1636=CARTESIAN_POINT('',(2.47E-1,2.E-1,-4.7E-1));
#1637=LINE('',#1636,#1635);
#1638=DIRECTION('',(0.E0,-1.E0,0.E0));
#1639=VECTOR('',#1638,1.9E-1);
#1640=CARTESIAN_POINT('',(2.47E-1,2.E-1,-4.6E-1));
#1641=LINE('',#1640,#1639);
#1642=DIRECTION('',(0.E0,0.E0,1.E0));
#1643=VECTOR('',#1642,1.1E-1);
#1644=CARTESIAN_POINT('',(2.47E-1,1.E-2,-4.6E-1));
#1645=LINE('',#1644,#1643);
#1646=DIRECTION('',(0.E0,-7.071067811865E-1,7.071067811865E-1));
#1647=VECTOR('',#1646,1.414213562373E-2);
#1648=CARTESIAN_POINT('',(2.47E-1,1.E-2,-3.5E-1));
#1649=LINE('',#1648,#1647);
#1650=DIRECTION('',(0.E0,-7.071067811865E-1,7.071067811865E-1));
#1651=VECTOR('',#1650,1.414213562373E-2);
#1652=CARTESIAN_POINT('',(1.47E-1,1.E-2,-3.5E-1));
#1653=LINE('',#1652,#1651);
#1654=DIRECTION('',(0.E0,0.E0,1.E0));
#1655=VECTOR('',#1654,1.1E-1);
#1656=CARTESIAN_POINT('',(1.47E-1,1.E-2,-4.6E-1));
#1657=LINE('',#1656,#1655);
#1658=DIRECTION('',(0.E0,-1.E0,0.E0));
#1659=VECTOR('',#1658,1.9E-1);
#1660=CARTESIAN_POINT('',(1.47E-1,2.E-1,-4.6E-1));
#1661=LINE('',#1660,#1659);
#1662=DIRECTION('',(0.E0,0.E0,1.E0));
#1663=VECTOR('',#1662,1.E-2);
#1664=CARTESIAN_POINT('',(1.47E-1,2.E-1,-4.7E-1));
#1665=LINE('',#1664,#1663);
#1666=DIRECTION('',(-1.E0,0.E0,0.E0));
#1667=VECTOR('',#1666,1.E-1);
#1668=CARTESIAN_POINT('',(2.47E-1,1.E-2,-3.5E-1));
#1669=LINE('',#1668,#1667);
#1670=DIRECTION('',(-1.E0,0.E0,0.E0));
#1671=VECTOR('',#1670,1.E-1);
#1672=CARTESIAN_POINT('',(2.47E-1,2.E-1,-4.6E-1));
#1673=LINE('',#1672,#1671);
#1674=DIRECTION('',(-1.E0,0.E0,0.E0));
#1675=VECTOR('',#1674,3.9E-2);
#1676=CARTESIAN_POINT('',(2.165E-1,-1.2E-1,-4.095E-1));
#1677=LINE('',#1676,#1675);
#1678=DIRECTION('',(3.015113445778E-1,9.045340337333E-1,-3.015113445778E-1));
#1679=VECTOR('',#1678,3.316624790355E-2);
#1680=CARTESIAN_POINT('',(2.065E-1,-1.5E-1,-3.995E-1));
#1681=LINE('',#1680,#1679);
#1682=DIRECTION('',(3.015113445778E-1,-9.045340337333E-1,3.015113445778E-1));
#1683=VECTOR('',#1682,3.316624790355E-2);
#1684=CARTESIAN_POINT('',(1.775E-1,-1.2E-1,-4.095E-1));
#1685=LINE('',#1684,#1683);
#1686=DIRECTION('',(0.E0,0.E0,1.E0));
#1687=VECTOR('',#1686,4.E-2);
#1688=CARTESIAN_POINT('',(2.57E-1,1.325E-1,-3.5E-1));
#1689=LINE('',#1688,#1687);
#1690=DIRECTION('',(0.E0,0.E0,1.E0));
#1691=VECTOR('',#1690,4.E-2);
#1692=CARTESIAN_POINT('',(2.32E-1,9.821921205698E-2,-3.5E-1));
#1693=LINE('',#1692,#1691);
#1694=DIRECTION('',(0.E0,-1.E0,0.E0));
#1695=VECTOR('',#1694,6.E-2);
#1696=CARTESIAN_POINT('',(1.77E-1,3.3E-1,-5.E-2));
#1697=LINE('',#1696,#1695);
#1698=DIRECTION('',(0.E0,-1.E0,0.E0));
#1699=VECTOR('',#1698,6.E-2);
#1700=CARTESIAN_POINT('',(2.17E-1,3.3E-1,-5.E-2));
#1701=LINE('',#1700,#1699);
#1702=DIRECTION('',(0.E0,-1.E0,0.E0));
#1703=VECTOR('',#1702,6.E-2);
#1704=CARTESIAN_POINT('',(-2.17E-1,3.3E-1,-5.E-2));
#1705=LINE('',#1704,#1703);
#1706=DIRECTION('',(0.E0,-1.E0,0.E0));
#1707=VECTOR('',#1706,6.E-2);
#1708=CARTESIAN_POINT('',(-2.E-2,3.3E-1,-5.E-2));
#1709=LINE('',#1708,#1707);
#1710=DIRECTION('',(0.E0,-1.E0,0.E0));
#1711=VECTOR('',#1710,6.E-2);
#1712=CARTESIAN_POINT('',(2.E-2,3.3E-1,-5.E-2));
#1713=LINE('',#1712,#1711);
#1714=DIRECTION('',(0.E0,0.E0,-1.E0));
#1715=VECTOR('',#1714,4.7E-1);
#1716=CARTESIAN_POINT('',(3.345E-1,0.E0,0.E0));
#1717=LINE('',#1716,#1715);
#1718=DIRECTION('',(0.E0,-1.E0,0.E0));
#1719=VECTOR('',#1718,3.2E-1);
#1720=CARTESIAN_POINT('',(3.345E-1,3.2E-1,0.E0));
#1721=LINE('',#1720,#1719);
#1722=DIRECTION('',(0.E0,-1.961161351382E-1,9.805806756909E-1));
#1723=VECTOR('',#1722,5.099019513593E-2);
#1724=CARTESIAN_POINT('',(3.345E-1,3.3E-1,-5.E-2));
#1725=LINE('',#1724,#1723);
#1726=DIRECTION('',(0.E0,0.E0,1.E0));
#1727=VECTOR('',#1726,5.E-2);
#1728=CARTESIAN_POINT('',(3.345E-1,3.3E-1,-1.E-1));
#1729=LINE('',#1728,#1727);
#1730=DIRECTION('',(0.E0,1.E0,0.E0));
#1731=VECTOR('',#1730,2.E-2);
#1732=CARTESIAN_POINT('',(3.345E-1,3.1E-1,-1.E-1));
#1733=LINE('',#1732,#1731);
#1734=DIRECTION('',(0.E0,0.E0,1.E0));
#1735=VECTOR('',#1734,3.7E-1);
#1736=CARTESIAN_POINT('',(3.345E-1,3.1E-1,-4.7E-1));
#1737=LINE('',#1736,#1735);
#1738=DIRECTION('',(0.E0,1.E0,0.E0));
#1739=VECTOR('',#1738,3.1E-1);
#1740=CARTESIAN_POINT('',(3.345E-1,0.E0,-4.7E-1));
#1741=LINE('',#1740,#1739);
#1742=DIRECTION('',(1.E0,0.E0,0.E0));
#1743=VECTOR('',#1742,6.69E-1);
#1744=CARTESIAN_POINT('',(-3.345E-1,3.1E-1,-1.E-1));
#1745=LINE('',#1744,#1743);
#1746=DIRECTION('',(1.E0,0.E0,0.E0));
#1747=VECTOR('',#1746,6.69E-1);
#1748=CARTESIAN_POINT('',(-3.345E-1,3.1E-1,-4.7E-1));
#1749=LINE('',#1748,#1747);
#1750=DIRECTION('',(-1.E0,0.E0,0.E0));
#1751=VECTOR('',#1750,3.9E-2);
#1752=CARTESIAN_POINT('',(1.95E-2,1.305E-1,-8.E-2));
#1753=LINE('',#1752,#1751);
#1754=DIRECTION('',(3.015113445778E-1,-3.015113445778E-1,-9.045340337333E-1));
#1755=VECTOR('',#1754,3.316624790355E-2);
#1756=CARTESIAN_POINT('',(9.5E-3,1.405E-1,-5.E-2));
#1757=LINE('',#1756,#1755);
#1758=DIRECTION('',(3.015113445778E-1,3.015113445778E-1,9.045340337333E-1));
#1759=VECTOR('',#1758,3.316624790355E-2);
#1760=CARTESIAN_POINT('',(-1.95E-2,1.305E-1,-8.E-2));
#1761=LINE('',#1760,#1759);
#1762=DIRECTION('',(0.E0,1.E0,0.E0));
#1763=VECTOR('',#1762,1.9E-2);
#1764=CARTESIAN_POINT('',(-9.5E-3,1.405E-1,-5.E-2));
#1765=LINE('',#1764,#1763);
#1766=DIRECTION('',(-1.E0,0.E0,0.E0));
#1767=VECTOR('',#1766,1.9E-2);
#1768=CARTESIAN_POINT('',(9.5E-3,1.595E-1,-5.E-2));
#1769=LINE('',#1768,#1767);
#1770=DIRECTION('',(0.E0,-1.E0,0.E0));
#1771=VECTOR('',#1770,1.9E-2);
#1772=CARTESIAN_POINT('',(9.5E-3,1.595E-1,-5.E-2));
#1773=LINE('',#1772,#1771);
#1774=DIRECTION('',(-1.E0,0.E0,0.E0));
#1775=VECTOR('',#1774,1.9E-2);
#1776=CARTESIAN_POINT('',(9.5E-3,1.405E-1,-5.E-2));
#1777=LINE('',#1776,#1775);
#1778=DIRECTION('',(0.E0,-1.E0,0.E0));
#1779=VECTOR('',#1778,3.9E-2);
#1780=CARTESIAN_POINT('',(1.95E-2,1.695E-1,-8.E-2));
#1781=LINE('',#1780,#1779);
#1782=DIRECTION('',(0.E0,0.E0,1.E0));
#1783=VECTOR('',#1782,2.1E-1);
#1784=CARTESIAN_POINT('',(1.95E-2,1.695E-1,-2.9E-1));
#1785=LINE('',#1784,#1783);
#1786=DIRECTION('',(0.E0,0.E0,-1.E0));
#1787=VECTOR('',#1786,2.1E-1);
#1788=CARTESIAN_POINT('',(1.95E-2,1.305E-1,-8.E-2));
#1789=LINE('',#1788,#1787);
#1790=DIRECTION('',(0.E0,0.E0,-1.E0));
#1791=VECTOR('',#1790,3.9E-2);
#1792=CARTESIAN_POINT('',(1.95E-2,-1.2E-1,-3.705E-1));
#1793=LINE('',#1792,#1791);
#1794=DIRECTION('',(0.E0,-1.E0,0.E0));
#1795=VECTOR('',#1794,1.3E-1);
#1796=CARTESIAN_POINT('',(1.95E-2,1.E-2,-3.705E-1));
#1797=LINE('',#1796,#1795);
#1798=DIRECTION('',(0.E0,1.E0,0.E0));
#1799=VECTOR('',#1798,1.3E-1);
#1800=CARTESIAN_POINT('',(1.95E-2,-1.2E-1,-4.095E-1));
#1801=LINE('',#1800,#1799);
#1802=DIRECTION('',(0.E0,0.E0,1.E0));
#1803=VECTOR('',#1802,1.9E-2);
#1804=CARTESIAN_POINT('',(-9.5E-3,-1.5E-1,-3.995E-1));
#1805=LINE('',#1804,#1803);
#1806=DIRECTION('',(-1.E0,0.E0,0.E0));
#1807=VECTOR('',#1806,1.9E-2);
#1808=CARTESIAN_POINT('',(9.5E-3,-1.5E-1,-3.805E-1));
#1809=LINE('',#1808,#1807);
#1810=DIRECTION('',(0.E0,0.E0,-1.E0));
#1811=VECTOR('',#1810,1.9E-2);
#1812=CARTESIAN_POINT('',(9.5E-3,-1.5E-1,-3.805E-1));
#1813=LINE('',#1812,#1811);
#1814=DIRECTION('',(-1.E0,0.E0,0.E0));
#1815=VECTOR('',#1814,1.9E-2);
#1816=CARTESIAN_POINT('',(9.5E-3,-1.5E-1,-3.995E-1));
#1817=LINE('',#1816,#1815);
#1818=DIRECTION('',(3.015113445778E-1,-9.045340337333E-1,-3.015113445778E-1));
#1819=VECTOR('',#1818,3.316624790355E-2);
#1820=CARTESIAN_POINT('',(-1.95E-2,-1.2E-1,-3.705E-1));
#1821=LINE('',#1820,#1819);
#1822=DIRECTION('',(-3.015113445778E-1,-9.045340337333E-1,-3.015113445778E-1));
#1823=VECTOR('',#1822,3.316624790355E-2);
#1824=CARTESIAN_POINT('',(1.95E-2,-1.2E-1,-3.705E-1));
#1825=LINE('',#1824,#1823);
#1826=DIRECTION('',(-1.E0,0.E0,0.E0));
#1827=VECTOR('',#1826,3.9E-2);
#1828=CARTESIAN_POINT('',(1.95E-2,-1.2E-1,-3.705E-1));
#1829=LINE('',#1828,#1827);
#1830=DIRECTION('',(3.015113445778E-1,9.045340337333E-1,-3.015113445778E-1));
#1831=VECTOR('',#1830,3.316624790355E-2);
#1832=CARTESIAN_POINT('',(9.5E-3,-1.5E-1,-3.995E-1));
#1833=LINE('',#1832,#1831);
#1834=DIRECTION('',(3.015113445778E-1,-9.045340337333E-1,3.015113445778E-1));
#1835=VECTOR('',#1834,3.316624790355E-2);
#1836=CARTESIAN_POINT('',(-1.95E-2,-1.2E-1,-4.095E-1));
#1837=LINE('',#1836,#1835);
#1838=DIRECTION('',(-1.E0,0.E0,0.E0));
#1839=VECTOR('',#1838,3.9E-2);
#1840=CARTESIAN_POINT('',(1.95E-2,-1.2E-1,-4.095E-1));
#1841=LINE('',#1840,#1839);
#1842=CARTESIAN_POINT('',(-3.345E-1,0.E0,0.E0));
#1843=CARTESIAN_POINT('',(-3.345E-1,0.E0,-4.7E-1));
#1844=VERTEX_POINT('',#1842);
#1845=VERTEX_POINT('',#1843);
#1846=CARTESIAN_POINT('',(-3.345E-1,3.1E-1,-4.7E-1));
#1847=VERTEX_POINT('',#1846);
#1848=CARTESIAN_POINT('',(-3.345E-1,3.1E-1,-1.E-1));
#1849=VERTEX_POINT('',#1848);
#1850=CARTESIAN_POINT('',(-3.345E-1,3.3E-1,-1.E-1));
#1851=VERTEX_POINT('',#1850);
#1852=CARTESIAN_POINT('',(-3.345E-1,3.3E-1,-5.E-2));
#1853=VERTEX_POINT('',#1852);
#1854=CARTESIAN_POINT('',(-3.345E-1,3.2E-1,0.E0));
#1855=VERTEX_POINT('',#1854);
#1856=CARTESIAN_POINT('',(3.345E-1,0.E0,0.E0));
#1857=CARTESIAN_POINT('',(3.345E-1,0.E0,-4.7E-1));
#1858=VERTEX_POINT('',#1856);
#1859=VERTEX_POINT('',#1857);
#1860=CARTESIAN_POINT('',(3.345E-1,3.1E-1,-4.7E-1));
#1861=VERTEX_POINT('',#1860);
#1862=CARTESIAN_POINT('',(3.345E-1,3.1E-1,-1.E-1));
#1863=VERTEX_POINT('',#1862);
#1864=CARTESIAN_POINT('',(3.345E-1,3.3E-1,-1.E-1));
#1865=VERTEX_POINT('',#1864);
#1866=CARTESIAN_POINT('',(3.345E-1,3.3E-1,-5.E-2));
#1867=VERTEX_POINT('',#1866);
#1868=CARTESIAN_POINT('',(3.345E-1,3.2E-1,0.E0));
#1869=VERTEX_POINT('',#1868);
#1870=CARTESIAN_POINT('',(1.97E-1,1.1E-1,-2.9E-1));
#1871=CARTESIAN_POINT('',(1.97E-1,1.9E-1,-2.9E-1));
#1872=VERTEX_POINT('',#1870);
#1873=VERTEX_POINT('',#1871);
#1874=CARTESIAN_POINT('',(2.602455532034E-1,6.E-2,-3.5E-1));
#1875=CARTESIAN_POINT('',(3.07E-1,6.E-2,-3.5E-1));
#1876=VERTEX_POINT('',#1874);
#1877=VERTEX_POINT('',#1875);
#1878=CARTESIAN_POINT('',(-3.17E-1,5.E-2,0.E0));
#1879=CARTESIAN_POINT('',(-3.17E-1,2.8E-1,0.E0));
#1880=VERTEX_POINT('',#1878);
#1881=VERTEX_POINT('',#1879);
#1882=CARTESIAN_POINT('',(-3.07E-1,6.E-2,-5.E-2));
#1883=CARTESIAN_POINT('',(-3.07E-1,2.7E-1,-5.E-2));
#1884=VERTEX_POINT('',#1882);
#1885=VERTEX_POINT('',#1883);
#1886=CARTESIAN_POINT('',(3.07E-1,2.7E-1,-5.E-2));
#1887=CARTESIAN_POINT('',(3.07E-1,6.E-2,-5.E-2));
#1888=VERTEX_POINT('',#1886);
#1889=VERTEX_POINT('',#1887);
#1890=CARTESIAN_POINT('',(3.17E-1,2.8E-1,0.E0));
#1891=CARTESIAN_POINT('',(3.17E-1,5.E-2,0.E0));
#1892=VERTEX_POINT('',#1890);
#1893=VERTEX_POINT('',#1891);
#1894=CARTESIAN_POINT('',(-3.07E-1,2.7E-1,-3.5E-1));
#1895=VERTEX_POINT('',#1894);
#1896=CARTESIAN_POINT('',(-3.07E-1,6.E-2,-3.5E-1));
#1897=VERTEX_POINT('',#1896);
#1898=CARTESIAN_POINT('',(3.07E-1,2.7E-1,-3.5E-1));
#1899=VERTEX_POINT('',#1898);
#1900=VERTEX_POINT('',#991);
#1901=VERTEX_POINT('',#995);
#1902=CARTESIAN_POINT('',(2.602455532034E-1,6.E-2,-4.999942869999E-2));
#1903=VERTEX_POINT('',#1902);
#1904=VERTEX_POINT('',#983);
#1905=CARTESIAN_POINT('',(1.337544467966E-1,6.E-2,-3.5E-1));
#1906=VERTEX_POINT('',#1905);
#1907=CARTESIAN_POINT('',(1.37E-1,1.325E-1,-3.1E-1));
#1908=CARTESIAN_POINT('',(1.62E-1,9.821921205698E-2,-3.1E-1));
#1909=VERTEX_POINT('',#1907);
#1910=VERTEX_POINT('',#1908);
#1911=CARTESIAN_POINT('',(2.32E-1,9.821921205698E-2,-3.1E-1));
#1912=CARTESIAN_POINT('',(2.57E-1,1.325E-1,-3.1E-1));
#1913=VERTEX_POINT('',#1911);
#1914=VERTEX_POINT('',#1912);
#1915=CARTESIAN_POINT('',(1.37E-1,1.325E-1,-3.5E-1));
#1916=CARTESIAN_POINT('',(1.62E-1,9.821921205698E-2,-3.5E-1));
#1917=VERTEX_POINT('',#1915);
#1918=VERTEX_POINT('',#1916);
#1919=CARTESIAN_POINT('',(1.62E-1,4.571673192693E-2,-3.5E-1));
#1920=VERTEX_POINT('',#1919);
#1921=CARTESIAN_POINT('',(2.32E-1,4.571673192693E-2,-3.5E-1));
#1922=CARTESIAN_POINT('',(2.32E-1,9.821921205698E-2,-3.5E-1));
#1923=VERTEX_POINT('',#1921);
#1924=VERTEX_POINT('',#1922);
#1925=CARTESIAN_POINT('',(2.57E-1,1.325E-1,-3.5E-1));
#1926=VERTEX_POINT('',#1925);
#1927=CARTESIAN_POINT('',(3.07E-1,1.325E-1,-3.5E-1));
#1928=VERTEX_POINT('',#1927);
#1929=CARTESIAN_POINT('',(3.07E-1,1.675E-1,-3.5E-1));
#1930=VERTEX_POINT('',#1929);
#1931=CARTESIAN_POINT('',(1.97E-1,1.1E-1,-3.1E-1));
#1932=VERTEX_POINT('',#1931);
#1933=CARTESIAN_POINT('',(1.77E-1,2.08E-1,-3.5E-1));
#1934=CARTESIAN_POINT('',(1.381973640047E-1,1.675E-1,-3.5E-1));
#1935=VERTEX_POINT('',#1933);
#1936=VERTEX_POINT('',#1934);
#1937=CARTESIAN_POINT('',(2.558026359953E-1,1.675E-1,-3.5E-1));
#1938=CARTESIAN_POINT('',(2.17E-1,2.08E-1,-3.5E-1));
#1939=VERTEX_POINT('',#1937);
#1940=VERTEX_POINT('',#1938);
#1941=CARTESIAN_POINT('',(2.17E-1,2.7E-1,-3.5E-1));
#1942=VERTEX_POINT('',#1941);
#1943=CARTESIAN_POINT('',(1.77E-1,2.7E-1,-3.5E-1));
#1944=VERTEX_POINT('',#1943);
#1945=CARTESIAN_POINT('',(1.381973640047E-1,1.675E-1,-3.3E-1));
#1946=VERTEX_POINT('',#1945);
#1947=CARTESIAN_POINT('',(2.558026359953E-1,1.675E-1,-3.3E-1));
#1948=VERTEX_POINT('',#1947);
#1949=CARTESIAN_POINT('',(1.97E-1,1.9E-1,-3.3E-1));
#1950=VERTEX_POINT('',#1949);
#1951=CARTESIAN_POINT('',(1.77E-1,2.08E-1,-3.3E-1));
#1952=VERTEX_POINT('',#1951);
#1953=CARTESIAN_POINT('',(2.17E-1,2.08E-1,-3.3E-1));
#1954=VERTEX_POINT('',#1953);
#1955=CARTESIAN_POINT('',(2.47E-1,2.E-1,-4.6E-1));
#1956=CARTESIAN_POINT('',(2.47E-1,1.E-2,-4.6E-1));
#1957=VERTEX_POINT('',#1955);
#1958=VERTEX_POINT('',#1956);
#1959=CARTESIAN_POINT('',(2.47E-1,1.E-2,-3.5E-1));
#1960=VERTEX_POINT('',#1959);
#1961=CARTESIAN_POINT('',(1.47E-1,2.E-1,-4.6E-1));
#1962=CARTESIAN_POINT('',(1.47E-1,1.E-2,-4.6E-1));
#1963=VERTEX_POINT('',#1961);
#1964=VERTEX_POINT('',#1962);
#1965=CARTESIAN_POINT('',(1.47E-1,1.E-2,-3.5E-1));
#1966=VERTEX_POINT('',#1965);
#1967=CARTESIAN_POINT('',(2.47E-1,0.E0,-4.7E-1));
#1968=CARTESIAN_POINT('',(2.47E-1,0.E0,-3.4E-1));
#1969=VERTEX_POINT('',#1967);
#1970=VERTEX_POINT('',#1968);
#1971=CARTESIAN_POINT('',(1.47E-1,0.E0,-4.7E-1));
#1972=CARTESIAN_POINT('',(1.47E-1,0.E0,-3.4E-1));
#1973=VERTEX_POINT('',#1971);
#1974=VERTEX_POINT('',#1972);
#1975=CARTESIAN_POINT('',(2.47E-1,2.E-1,-4.7E-1));
#1976=VERTEX_POINT('',#1975);
#1977=CARTESIAN_POINT('',(1.47E-1,2.E-1,-4.7E-1));
#1978=VERTEX_POINT('',#1977);
#1979=CARTESIAN_POINT('',(1.775E-1,1.305E-1,-2.9E-1));
#1980=CARTESIAN_POINT('',(1.775E-1,1.695E-1,-2.9E-1));
#1981=VERTEX_POINT('',#1979);
#1982=VERTEX_POINT('',#1980);
#1983=CARTESIAN_POINT('',(2.165E-1,1.305E-1,-2.9E-1));
#1984=CARTESIAN_POINT('',(2.165E-1,1.695E-1,-2.9E-1));
#1985=VERTEX_POINT('',#1983);
#1986=VERTEX_POINT('',#1984);
#1987=CARTESIAN_POINT('',(1.775E-1,1.E-2,-3.705E-1));
#1988=CARTESIAN_POINT('',(1.775E-1,1.E-2,-4.095E-1));
#1989=VERTEX_POINT('',#1987);
#1990=VERTEX_POINT('',#1988);
#1991=CARTESIAN_POINT('',(2.165E-1,1.E-2,-3.705E-1));
#1992=VERTEX_POINT('',#1991);
#1993=CARTESIAN_POINT('',(2.165E-1,1.E-2,-4.095E-1));
#1994=VERTEX_POINT('',#1993);
#1995=CARTESIAN_POINT('',(2.17E-1,3.3E-1,-5.E-2));
#1996=CARTESIAN_POINT('',(1.77E-1,3.3E-1,-5.E-2));
#1997=VERTEX_POINT('',#1995);
#1998=VERTEX_POINT('',#1996);
#1999=CARTESIAN_POINT('',(2.27E-1,3.2E-1,0.E0));
#2000=VERTEX_POINT('',#1999);
#2001=CARTESIAN_POINT('',(1.67E-1,3.2E-1,0.E0));
#2002=VERTEX_POINT('',#2001);
#2003=CARTESIAN_POINT('',(2.27E-1,2.8E-1,0.E0));
#2004=VERTEX_POINT('',#2003);
#2005=CARTESIAN_POINT('',(1.67E-1,2.8E-1,0.E0));
#2006=VERTEX_POINT('',#2005);
#2007=CARTESIAN_POINT('',(1.775E-1,1.305E-1,-8.E-2));
#2008=CARTESIAN_POINT('',(1.775E-1,1.695E-1,-8.E-2));
#2009=VERTEX_POINT('',#2007);
#2010=VERTEX_POINT('',#2008);
#2011=CARTESIAN_POINT('',(1.875E-1,1.405E-1,-5.E-2));
#2012=CARTESIAN_POINT('',(1.875E-1,1.595E-1,-5.E-2));
#2013=VERTEX_POINT('',#2011);
#2014=VERTEX_POINT('',#2012);
#2015=CARTESIAN_POINT('',(2.065E-1,1.405E-1,-5.E-2));
#2016=VERTEX_POINT('',#2015);
#2017=CARTESIAN_POINT('',(2.165E-1,1.305E-1,-8.E-2));
#2018=VERTEX_POINT('',#2017);
#2019=CARTESIAN_POINT('',(2.065E-1,1.595E-1,-5.E-2));
#2020=VERTEX_POINT('',#2019);
#2021=CARTESIAN_POINT('',(2.165E-1,1.695E-1,-8.E-2));
#2022=VERTEX_POINT('',#2021);
#2023=CARTESIAN_POINT('',(1.775E-1,-1.2E-1,-4.095E-1));
#2024=CARTESIAN_POINT('',(1.775E-1,-1.2E-1,-3.705E-1));
#2025=VERTEX_POINT('',#2023);
#2026=VERTEX_POINT('',#2024);
#2027=CARTESIAN_POINT('',(1.875E-1,-1.5E-1,-3.995E-1));
#2028=CARTESIAN_POINT('',(1.875E-1,-1.5E-1,-3.805E-1));
#2029=VERTEX_POINT('',#2027);
#2030=VERTEX_POINT('',#2028);
#2031=CARTESIAN_POINT('',(2.065E-1,-1.5E-1,-3.995E-1));
#2032=VERTEX_POINT('',#2031);
#2033=CARTESIAN_POINT('',(2.165E-1,-1.2E-1,-4.095E-1));
#2034=VERTEX_POINT('',#2033);
#2035=CARTESIAN_POINT('',(2.065E-1,-1.5E-1,-3.805E-1));
#2036=VERTEX_POINT('',#2035);
#2037=CARTESIAN_POINT('',(2.165E-1,-1.2E-1,-3.705E-1));
#2038=VERTEX_POINT('',#2037);
#2039=CARTESIAN_POINT('',(2.17E-1,2.7E-1,-5.E-2));
#2040=CARTESIAN_POINT('',(1.77E-1,2.7E-1,-5.E-2));
#2041=VERTEX_POINT('',#2039);
#2042=VERTEX_POINT('',#2040);
#2043=CARTESIAN_POINT('',(1.77E-1,2.7E-1,-3.3E-1));
#2044=CARTESIAN_POINT('',(2.17E-1,2.7E-1,-3.3E-1));
#2045=VERTEX_POINT('',#2043);
#2046=VERTEX_POINT('',#2044);
#2047=CARTESIAN_POINT('',(3.07E-1,1.325E-1,-3.1E-1));
#2048=CARTESIAN_POINT('',(3.07E-1,1.675E-1,-3.1E-1));
#2049=VERTEX_POINT('',#2047);
#2050=VERTEX_POINT('',#2048);
#2051=CARTESIAN_POINT('',(1.62E-1,4.571673192693E-2,-3.1E-1));
#2052=CARTESIAN_POINT('',(2.32E-1,4.571673192693E-2,-3.1E-1));
#2053=VERTEX_POINT('',#2051);
#2054=VERTEX_POINT('',#2052);
#2055=CARTESIAN_POINT('',(2.329687364248E-1,1.675E-1,-3.1E-1));
#2056=VERTEX_POINT('',#2055);
#2057=CARTESIAN_POINT('',(1.610312635752E-1,1.675E-1,-3.3E-1));
#2058=VERTEX_POINT('',#2057);
#2059=CARTESIAN_POINT('',(2.329687364248E-1,1.675E-1,-3.3E-1));
#2060=VERTEX_POINT('',#2059);
#2061=CARTESIAN_POINT('',(1.610312635752E-1,1.675E-1,-3.1E-1));
#2062=VERTEX_POINT('',#2061);
#2063=CARTESIAN_POINT('',(0.E0,1.1E-1,-2.9E-1));
#2064=CARTESIAN_POINT('',(0.E0,1.9E-1,-2.9E-1));
#2065=VERTEX_POINT('',#2063);
#2066=VERTEX_POINT('',#2064);
#2067=CARTESIAN_POINT('',(-1.97E-1,1.1E-1,-2.9E-1));
#2068=CARTESIAN_POINT('',(-1.97E-1,1.9E-1,-2.9E-1));
#2069=VERTEX_POINT('',#2067);
#2070=VERTEX_POINT('',#2068);
#2071=CARTESIAN_POINT('',(6.324555320337E-2,6.E-2,-3.5E-1));
#2072=VERTEX_POINT('',#2071);
#2073=CARTESIAN_POINT('',(-2.602455532034E-1,6.E-2,-3.5E-1));
#2074=VERTEX_POINT('',#2073);
#2075=CARTESIAN_POINT('',(-1.337544467966E-1,6.E-2,-3.5E-1));
#2076=CARTESIAN_POINT('',(-6.324555320337E-2,6.E-2,-3.5E-1));
#2077=VERTEX_POINT('',#2075);
#2078=VERTEX_POINT('',#2076);
#2079=VERTEX_POINT('',#1013);
#2080=VERTEX_POINT('',#1017);
#2081=CARTESIAN_POINT('',(6.324555320337E-2,6.E-2,-4.999942869999E-2));
#2082=VERTEX_POINT('',#2081);
#2083=VERTEX_POINT('',#989);
#2084=VERTEX_POINT('',#997);
#2085=VERTEX_POINT('',#1001);
#2086=CARTESIAN_POINT('',(-1.337544467966E-1,6.E-2,-4.999942869999E-2));
#2087=VERTEX_POINT('',#2086);
#2088=VERTEX_POINT('',#1011);
#2089=CARTESIAN_POINT('',(-6.E-2,1.325E-1,-3.1E-1));
#2090=CARTESIAN_POINT('',(-3.5E-2,9.821921205698E-2,-3.1E-1));
#2091=VERTEX_POINT('',#2089);
#2092=VERTEX_POINT('',#2090);
#2093=CARTESIAN_POINT('',(3.5E-2,9.821921205698E-2,-3.1E-1));
#2094=CARTESIAN_POINT('',(6.E-2,1.325E-1,-3.1E-1));
#2095=VERTEX_POINT('',#2093);
#2096=VERTEX_POINT('',#2094);
#2097=CARTESIAN_POINT('',(-6.E-2,1.325E-1,-3.5E-1));
#2098=CARTESIAN_POINT('',(-3.5E-2,9.821921205698E-2,-3.5E-1));
#2099=VERTEX_POINT('',#2097);
#2100=VERTEX_POINT('',#2098);
#2101=CARTESIAN_POINT('',(-3.5E-2,4.571673192693E-2,-3.5E-1));
#2102=VERTEX_POINT('',#2101);
#2103=CARTESIAN_POINT('',(3.5E-2,4.571673192693E-2,-3.5E-1));
#2104=CARTESIAN_POINT('',(3.5E-2,9.821921205698E-2,-3.5E-1));
#2105=VERTEX_POINT('',#2103);
#2106=VERTEX_POINT('',#2104);
#2107=CARTESIAN_POINT('',(6.E-2,1.325E-1,-3.5E-1));
#2108=VERTEX_POINT('',#2107);
#2109=CARTESIAN_POINT('',(0.E0,1.1E-1,-3.1E-1));
#2110=CARTESIAN_POINT('',(3.596873642485E-2,1.675E-1,-3.1E-1));
#2111=VERTEX_POINT('',#2109);
#2112=VERTEX_POINT('',#2110);
#2113=CARTESIAN_POINT('',(-3.596873642485E-2,1.675E-1,-3.1E-1));
#2114=VERTEX_POINT('',#2113);
#2115=CARTESIAN_POINT('',(-3.5E-2,4.571673192693E-2,-3.1E-1));
#2116=CARTESIAN_POINT('',(3.5E-2,4.571673192693E-2,-3.1E-1));
#2117=VERTEX_POINT('',#2115);
#2118=VERTEX_POINT('',#2116);
#2119=CARTESIAN_POINT('',(-2.57E-1,1.325E-1,-3.1E-1));
#2120=CARTESIAN_POINT('',(-2.32E-1,9.821921205698E-2,-3.1E-1));
#2121=VERTEX_POINT('',#2119);
#2122=VERTEX_POINT('',#2120);
#2123=CARTESIAN_POINT('',(-1.62E-1,9.821921205698E-2,-3.1E-1));
#2124=CARTESIAN_POINT('',(-1.37E-1,1.325E-1,-3.1E-1));
#2125=VERTEX_POINT('',#2123);
#2126=VERTEX_POINT('',#2124);
#2127=CARTESIAN_POINT('',(-3.07E-1,1.325E-1,-3.5E-1));
#2128=CARTESIAN_POINT('',(-2.57E-1,1.325E-1,-3.5E-1));
#2129=VERTEX_POINT('',#2127);
#2130=VERTEX_POINT('',#2128);
#2131=CARTESIAN_POINT('',(-2.32E-1,9.821921205698E-2,-3.5E-1));
#2132=VERTEX_POINT('',#2131);
#2133=CARTESIAN_POINT('',(-2.32E-1,4.571673192693E-2,-3.5E-1));
#2134=VERTEX_POINT('',#2133);
#2135=CARTESIAN_POINT('',(-1.62E-1,4.571673192693E-2,-3.5E-1));
#2136=CARTESIAN_POINT('',(-1.62E-1,9.821921205698E-2,-3.5E-1));
#2137=VERTEX_POINT('',#2135);
#2138=VERTEX_POINT('',#2136);
#2139=CARTESIAN_POINT('',(-1.37E-1,1.325E-1,-3.5E-1));
#2140=VERTEX_POINT('',#2139);
#2141=CARTESIAN_POINT('',(-3.07E-1,1.325E-1,-3.1E-1));
#2142=CARTESIAN_POINT('',(-3.07E-1,1.675E-1,-3.1E-1));
#2143=VERTEX_POINT('',#2141);
#2144=VERTEX_POINT('',#2142);
#2145=CARTESIAN_POINT('',(-3.07E-1,1.675E-1,-3.5E-1));
#2146=VERTEX_POINT('',#2145);
#2147=CARTESIAN_POINT('',(-1.97E-1,1.1E-1,-3.1E-1));
#2148=CARTESIAN_POINT('',(-1.610312635752E-1,1.675E-1,-3.1E-1));
#2149=VERTEX_POINT('',#2147);
#2150=VERTEX_POINT('',#2148);
#2151=CARTESIAN_POINT('',(-2.329687364248E-1,1.675E-1,-3.1E-1));
#2152=VERTEX_POINT('',#2151);
#2153=CARTESIAN_POINT('',(-2.32E-1,4.571673192693E-2,-3.1E-1));
#2154=CARTESIAN_POINT('',(-1.62E-1,4.571673192693E-2,-3.1E-1));
#2155=VERTEX_POINT('',#2153);
#2156=VERTEX_POINT('',#2154);
#2157=CARTESIAN_POINT('',(-2.E-2,2.08E-1,-3.5E-1));
#2158=CARTESIAN_POINT('',(-5.880263599534E-2,1.675E-1,-3.5E-1));
#2159=VERTEX_POINT('',#2157);
#2160=VERTEX_POINT('',#2158);
#2161=CARTESIAN_POINT('',(5.880263599534E-2,1.675E-1,-3.5E-1));
#2162=CARTESIAN_POINT('',(2.E-2,2.08E-1,-3.5E-1));
#2163=VERTEX_POINT('',#2161);
#2164=VERTEX_POINT('',#2162);
#2165=CARTESIAN_POINT('',(2.E-2,2.7E-1,-3.5E-1));
#2166=VERTEX_POINT('',#2165);
#2167=CARTESIAN_POINT('',(-2.E-2,2.7E-1,-3.5E-1));
#2168=VERTEX_POINT('',#2167);
#2169=CARTESIAN_POINT('',(-2.E-2,2.7E-1,-3.3E-1));
#2170=CARTESIAN_POINT('',(2.E-2,2.7E-1,-3.3E-1));
#2171=VERTEX_POINT('',#2169);
#2172=VERTEX_POINT('',#2170);
#2173=CARTESIAN_POINT('',(3.596873642485E-2,1.675E-1,-3.3E-1));
#2174=CARTESIAN_POINT('',(5.880263599534E-2,1.675E-1,-3.3E-1));
#2175=VERTEX_POINT('',#2173);
#2176=VERTEX_POINT('',#2174);
#2177=CARTESIAN_POINT('',(0.E0,1.9E-1,-3.3E-1));
#2178=VERTEX_POINT('',#2177);
#2179=CARTESIAN_POINT('',(-3.596873642485E-2,1.675E-1,-3.3E-1));
#2180=VERTEX_POINT('',#2179);
#2181=CARTESIAN_POINT('',(-5.880263599534E-2,1.675E-1,-3.3E-1));
#2182=VERTEX_POINT('',#2181);
#2183=CARTESIAN_POINT('',(-2.E-2,2.08E-1,-3.3E-1));
#2184=VERTEX_POINT('',#2183);
#2185=CARTESIAN_POINT('',(2.E-2,2.08E-1,-3.3E-1));
#2186=VERTEX_POINT('',#2185);
#2187=CARTESIAN_POINT('',(-2.17E-1,2.08E-1,-3.5E-1));
#2188=CARTESIAN_POINT('',(-2.558026359953E-1,1.675E-1,-3.5E-1));
#2189=VERTEX_POINT('',#2187);
#2190=VERTEX_POINT('',#2188);
#2191=CARTESIAN_POINT('',(-1.381973640047E-1,1.675E-1,-3.5E-1));
#2192=CARTESIAN_POINT('',(-1.77E-1,2.08E-1,-3.5E-1));
#2193=VERTEX_POINT('',#2191);
#2194=VERTEX_POINT('',#2192);
#2195=CARTESIAN_POINT('',(-1.77E-1,2.7E-1,-3.5E-1));
#2196=VERTEX_POINT('',#2195);
#2197=CARTESIAN_POINT('',(-2.17E-1,2.7E-1,-3.5E-1));
#2198=VERTEX_POINT('',#2197);
#2199=CARTESIAN_POINT('',(-2.17E-1,2.7E-1,-3.3E-1));
#2200=CARTESIAN_POINT('',(-1.77E-1,2.7E-1,-3.3E-1));
#2201=VERTEX_POINT('',#2199);
#2202=VERTEX_POINT('',#2200);
#2203=CARTESIAN_POINT('',(-1.610312635752E-1,1.675E-1,-3.3E-1));
#2204=CARTESIAN_POINT('',(-1.97E-1,1.9E-1,-3.3E-1));
#2205=VERTEX_POINT('',#2203);
#2206=VERTEX_POINT('',#2204);
#2207=CARTESIAN_POINT('',(-2.329687364248E-1,1.675E-1,-3.3E-1));
#2208=VERTEX_POINT('',#2207);
#2209=CARTESIAN_POINT('',(-1.381973640047E-1,1.675E-1,-3.3E-1));
#2210=VERTEX_POINT('',#2209);
#2211=CARTESIAN_POINT('',(-2.558026359953E-1,1.675E-1,-3.3E-1));
#2212=VERTEX_POINT('',#2211);
#2213=CARTESIAN_POINT('',(-2.17E-1,2.08E-1,-3.3E-1));
#2214=VERTEX_POINT('',#2213);
#2215=CARTESIAN_POINT('',(-1.77E-1,2.08E-1,-3.3E-1));
#2216=VERTEX_POINT('',#2215);
#2217=CARTESIAN_POINT('',(5.E-2,2.E-1,-4.6E-1));
#2218=CARTESIAN_POINT('',(5.E-2,1.E-2,-4.6E-1));
#2219=VERTEX_POINT('',#2217);
#2220=VERTEX_POINT('',#2218);
#2221=CARTESIAN_POINT('',(5.E-2,1.E-2,-3.5E-1));
#2222=VERTEX_POINT('',#2221);
#2223=CARTESIAN_POINT('',(-5.E-2,2.E-1,-4.6E-1));
#2224=CARTESIAN_POINT('',(-5.E-2,1.E-2,-4.6E-1));
#2225=VERTEX_POINT('',#2223);
#2226=VERTEX_POINT('',#2224);
#2227=CARTESIAN_POINT('',(-5.E-2,1.E-2,-3.5E-1));
#2228=VERTEX_POINT('',#2227);
#2229=CARTESIAN_POINT('',(5.E-2,0.E0,-4.7E-1));
#2230=CARTESIAN_POINT('',(5.E-2,0.E0,-3.4E-1));
#2231=VERTEX_POINT('',#2229);
#2232=VERTEX_POINT('',#2230);
#2233=CARTESIAN_POINT('',(-5.E-2,0.E0,-4.7E-1));
#2234=CARTESIAN_POINT('',(-5.E-2,0.E0,-3.4E-1));
#2235=VERTEX_POINT('',#2233);
#2236=VERTEX_POINT('',#2234);
#2237=CARTESIAN_POINT('',(5.E-2,2.E-1,-4.7E-1));
#2238=VERTEX_POINT('',#2237);
#2239=CARTESIAN_POINT('',(-5.E-2,2.E-1,-4.7E-1));
#2240=VERTEX_POINT('',#2239);
#2241=CARTESIAN_POINT('',(-1.47E-1,2.E-1,-4.6E-1));
#2242=CARTESIAN_POINT('',(-1.47E-1,1.E-2,-4.6E-1));
#2243=VERTEX_POINT('',#2241);
#2244=VERTEX_POINT('',#2242);
#2245=CARTESIAN_POINT('',(-1.47E-1,1.E-2,-3.5E-1));
#2246=VERTEX_POINT('',#2245);
#2247=CARTESIAN_POINT('',(-2.47E-1,2.E-1,-4.6E-1));
#2248=CARTESIAN_POINT('',(-2.47E-1,1.E-2,-4.6E-1));
#2249=VERTEX_POINT('',#2247);
#2250=VERTEX_POINT('',#2248);
#2251=CARTESIAN_POINT('',(-2.47E-1,1.E-2,-3.5E-1));
#2252=VERTEX_POINT('',#2251);
#2253=CARTESIAN_POINT('',(-1.47E-1,0.E0,-4.7E-1));
#2254=CARTESIAN_POINT('',(-1.47E-1,0.E0,-3.4E-1));
#2255=VERTEX_POINT('',#2253);
#2256=VERTEX_POINT('',#2254);
#2257=CARTESIAN_POINT('',(-2.47E-1,0.E0,-4.7E-1));
#2258=CARTESIAN_POINT('',(-2.47E-1,0.E0,-3.4E-1));
#2259=VERTEX_POINT('',#2257);
#2260=VERTEX_POINT('',#2258);
#2261=CARTESIAN_POINT('',(-1.47E-1,2.E-1,-4.7E-1));
#2262=VERTEX_POINT('',#2261);
#2263=CARTESIAN_POINT('',(-2.47E-1,2.E-1,-4.7E-1));
#2264=VERTEX_POINT('',#2263);
#2265=CARTESIAN_POINT('',(-1.95E-2,1.305E-1,-2.9E-1));
#2266=CARTESIAN_POINT('',(-1.95E-2,1.695E-1,-2.9E-1));
#2267=VERTEX_POINT('',#2265);
#2268=VERTEX_POINT('',#2266);
#2269=CARTESIAN_POINT('',(1.95E-2,1.305E-1,-2.9E-1));
#2270=CARTESIAN_POINT('',(1.95E-2,1.695E-1,-2.9E-1));
#2271=VERTEX_POINT('',#2269);
#2272=VERTEX_POINT('',#2270);
#2273=CARTESIAN_POINT('',(-1.95E-2,1.E-2,-3.705E-1));
#2274=CARTESIAN_POINT('',(-1.95E-2,1.E-2,-4.095E-1));
#2275=VERTEX_POINT('',#2273);
#2276=VERTEX_POINT('',#2274);
#2277=CARTESIAN_POINT('',(1.95E-2,1.E-2,-3.705E-1));
#2278=CARTESIAN_POINT('',(1.95E-2,1.E-2,-4.095E-1));
#2279=VERTEX_POINT('',#2277);
#2280=VERTEX_POINT('',#2278);
#2281=CARTESIAN_POINT('',(-2.165E-1,1.305E-1,-2.9E-1));
#2282=CARTESIAN_POINT('',(-2.165E-1,1.695E-1,-2.9E-1));
#2283=VERTEX_POINT('',#2281);
#2284=VERTEX_POINT('',#2282);
#2285=CARTESIAN_POINT('',(-1.775E-1,1.305E-1,-2.9E-1));
#2286=CARTESIAN_POINT('',(-1.775E-1,1.695E-1,-2.9E-1));
#2287=VERTEX_POINT('',#2285);
#2288=VERTEX_POINT('',#2286);
#2289=CARTESIAN_POINT('',(-2.165E-1,1.E-2,-3.705E-1));
#2290=CARTESIAN_POINT('',(-2.165E-1,1.E-2,-4.095E-1));
#2291=VERTEX_POINT('',#2289);
#2292=VERTEX_POINT('',#2290);
#2293=CARTESIAN_POINT('',(-1.775E-1,1.E-2,-3.705E-1));
#2294=CARTESIAN_POINT('',(-1.775E-1,1.E-2,-4.095E-1));
#2295=VERTEX_POINT('',#2293);
#2296=VERTEX_POINT('',#2294);
#2297=CARTESIAN_POINT('',(-1.95E-2,1.305E-1,-8.E-2));
#2298=CARTESIAN_POINT('',(-1.95E-2,1.695E-1,-8.E-2));
#2299=VERTEX_POINT('',#2297);
#2300=VERTEX_POINT('',#2298);
#2301=CARTESIAN_POINT('',(-9.5E-3,1.405E-1,-5.E-2));
#2302=CARTESIAN_POINT('',(-9.5E-3,1.595E-1,-5.E-2));
#2303=VERTEX_POINT('',#2301);
#2304=VERTEX_POINT('',#2302);
#2305=CARTESIAN_POINT('',(9.5E-3,1.405E-1,-5.E-2));
#2306=VERTEX_POINT('',#2305);
#2307=CARTESIAN_POINT('',(1.95E-2,1.305E-1,-8.E-2));
#2308=VERTEX_POINT('',#2307);
#2309=CARTESIAN_POINT('',(9.5E-3,1.595E-1,-5.E-2));
#2310=VERTEX_POINT('',#2309);
#2311=CARTESIAN_POINT('',(1.95E-2,1.695E-1,-8.E-2));
#2312=VERTEX_POINT('',#2311);
#2313=CARTESIAN_POINT('',(-1.95E-2,-1.2E-1,-4.095E-1));
#2314=CARTESIAN_POINT('',(-1.95E-2,-1.2E-1,-3.705E-1));
#2315=VERTEX_POINT('',#2313);
#2316=VERTEX_POINT('',#2314);
#2317=CARTESIAN_POINT('',(-9.5E-3,-1.5E-1,-3.995E-1));
#2318=CARTESIAN_POINT('',(-9.5E-3,-1.5E-1,-3.805E-1));
#2319=VERTEX_POINT('',#2317);
#2320=VERTEX_POINT('',#2318);
#2321=CARTESIAN_POINT('',(9.5E-3,-1.5E-1,-3.995E-1));
#2322=VERTEX_POINT('',#2321);
#2323=CARTESIAN_POINT('',(1.95E-2,-1.2E-1,-4.095E-1));
#2324=VERTEX_POINT('',#2323);
#2325=CARTESIAN_POINT('',(9.5E-3,-1.5E-1,-3.805E-1));
#2326=VERTEX_POINT('',#2325);
#2327=CARTESIAN_POINT('',(1.95E-2,-1.2E-1,-3.705E-1));
#2328=VERTEX_POINT('',#2327);
#2329=CARTESIAN_POINT('',(-2.165E-1,1.305E-1,-8.E-2));
#2330=CARTESIAN_POINT('',(-2.165E-1,1.695E-1,-8.E-2));
#2331=VERTEX_POINT('',#2329);
#2332=VERTEX_POINT('',#2330);
#2333=CARTESIAN_POINT('',(-2.065E-1,1.405E-1,-5.E-2));
#2334=CARTESIAN_POINT('',(-2.065E-1,1.595E-1,-5.E-2));
#2335=VERTEX_POINT('',#2333);
#2336=VERTEX_POINT('',#2334);
#2337=CARTESIAN_POINT('',(-1.875E-1,1.405E-1,-5.E-2));
#2338=VERTEX_POINT('',#2337);
#2339=CARTESIAN_POINT('',(-1.775E-1,1.305E-1,-8.E-2));
#2340=VERTEX_POINT('',#2339);
#2341=CARTESIAN_POINT('',(-1.875E-1,1.595E-1,-5.E-2));
#2342=VERTEX_POINT('',#2341);
#2343=CARTESIAN_POINT('',(-1.775E-1,1.695E-1,-8.E-2));
#2344=VERTEX_POINT('',#2343);
#2345=CARTESIAN_POINT('',(-2.165E-1,-1.2E-1,-4.095E-1));
#2346=CARTESIAN_POINT('',(-2.165E-1,-1.2E-1,-3.705E-1));
#2347=VERTEX_POINT('',#2345);
#2348=VERTEX_POINT('',#2346);
#2349=CARTESIAN_POINT('',(-2.065E-1,-1.5E-1,-3.995E-1));
#2350=CARTESIAN_POINT('',(-2.065E-1,-1.5E-1,-3.805E-1));
#2351=VERTEX_POINT('',#2349);
#2352=VERTEX_POINT('',#2350);
#2353=CARTESIAN_POINT('',(-1.875E-1,-1.5E-1,-3.995E-1));
#2354=VERTEX_POINT('',#2353);
#2355=CARTESIAN_POINT('',(-1.775E-1,-1.2E-1,-4.095E-1));
#2356=VERTEX_POINT('',#2355);
#2357=CARTESIAN_POINT('',(-1.875E-1,-1.5E-1,-3.805E-1));
#2358=VERTEX_POINT('',#2357);
#2359=CARTESIAN_POINT('',(-1.775E-1,-1.2E-1,-3.705E-1));
#2360=VERTEX_POINT('',#2359);
#2361=CARTESIAN_POINT('',(2.E-2,3.3E-1,-5.E-2));
#2362=CARTESIAN_POINT('',(-2.E-2,3.3E-1,-5.E-2));
#2363=VERTEX_POINT('',#2361);
#2364=VERTEX_POINT('',#2362);
#2365=CARTESIAN_POINT('',(-3.E-2,3.2E-1,0.E0));
#2366=VERTEX_POINT('',#2365);
#2367=CARTESIAN_POINT('',(3.E-2,3.2E-1,0.E0));
#2368=VERTEX_POINT('',#2367);
#2369=CARTESIAN_POINT('',(-3.E-2,2.8E-1,0.E0));
#2370=VERTEX_POINT('',#2369);
#2371=CARTESIAN_POINT('',(3.E-2,2.8E-1,0.E0));
#2372=VERTEX_POINT('',#2371);
#2373=CARTESIAN_POINT('',(2.E-2,2.7E-1,-5.E-2));
#2374=CARTESIAN_POINT('',(-2.E-2,2.7E-1,-5.E-2));
#2375=VERTEX_POINT('',#2373);
#2376=VERTEX_POINT('',#2374);
#2377=CARTESIAN_POINT('',(-1.77E-1,3.3E-1,-5.E-2));
#2378=CARTESIAN_POINT('',(-2.17E-1,3.3E-1,-5.E-2));
#2379=VERTEX_POINT('',#2377);
#2380=VERTEX_POINT('',#2378);
#2381=CARTESIAN_POINT('',(-2.27E-1,3.2E-1,0.E0));
#2382=VERTEX_POINT('',#2381);
#2383=CARTESIAN_POINT('',(-1.67E-1,3.2E-1,0.E0));
#2384=VERTEX_POINT('',#2383);
#2385=CARTESIAN_POINT('',(-2.27E-1,2.8E-1,0.E0));
#2386=VERTEX_POINT('',#2385);
#2387=CARTESIAN_POINT('',(-1.67E-1,2.8E-1,0.E0));
#2388=VERTEX_POINT('',#2387);
#2389=CARTESIAN_POINT('',(-1.77E-1,2.7E-1,-5.E-2));
#2390=CARTESIAN_POINT('',(-2.17E-1,2.7E-1,-5.E-2));
#2391=VERTEX_POINT('',#2389);
#2392=VERTEX_POINT('',#2390);
#2393=CARTESIAN_POINT('',(-3.345E-1,0.E0,0.E0));
#2394=DIRECTION('',(1.E0,0.E0,0.E0));
#2395=DIRECTION('',(0.E0,0.E0,-1.E0));
#2396=AXIS2_PLACEMENT_3D('',#2393,#2394,#2395);
#2397=PLANE('',#2396);
#2399=ORIENTED_EDGE('',*,*,#2398,.T.);
#2401=ORIENTED_EDGE('',*,*,#2400,.T.);
#2403=ORIENTED_EDGE('',*,*,#2402,.T.);
#2405=ORIENTED_EDGE('',*,*,#2404,.T.);
#2407=ORIENTED_EDGE('',*,*,#2406,.T.);
#2409=ORIENTED_EDGE('',*,*,#2408,.T.);
#2411=ORIENTED_EDGE('',*,*,#2410,.T.);
#2412=EDGE_LOOP('',(#2399,#2401,#2403,#2405,#2407,#2409,#2411));
#2413=FACE_OUTER_BOUND('',#2412,.F.);
#2414=ADVANCED_FACE('',(#2413),#2397,.F.);
#2415=CARTESIAN_POINT('',(-3.345E-1,0.E0,0.E0));
#2416=DIRECTION('',(0.E0,-1.E0,0.E0));
#2417=DIRECTION('',(0.E0,0.E0,-1.E0));
#2418=AXIS2_PLACEMENT_3D('',#2415,#2416,#2417);
#2419=PLANE('',#2418);
#2421=ORIENTED_EDGE('',*,*,#2420,.T.);
#2423=ORIENTED_EDGE('',*,*,#2422,.F.);
#2425=ORIENTED_EDGE('',*,*,#2424,.F.);
#2427=ORIENTED_EDGE('',*,*,#2426,.F.);
#2428=ORIENTED_EDGE('',*,*,#2398,.F.);
#2430=ORIENTED_EDGE('',*,*,#2429,.T.);
#2432=ORIENTED_EDGE('',*,*,#2431,.T.);
#2434=ORIENTED_EDGE('',*,*,#2433,.F.);
#2436=ORIENTED_EDGE('',*,*,#2435,.T.);
#2438=ORIENTED_EDGE('',*,*,#2437,.F.);
#2440=ORIENTED_EDGE('',*,*,#2439,.F.);
#2442=ORIENTED_EDGE('',*,*,#2441,.F.);
#2444=ORIENTED_EDGE('',*,*,#2443,.T.);
#2446=ORIENTED_EDGE('',*,*,#2445,.F.);
#2448=ORIENTED_EDGE('',*,*,#2447,.F.);
#2450=ORIENTED_EDGE('',*,*,#2449,.F.);
#2451=EDGE_LOOP('',(#2421,#2423,#2425,#2427,#2428,#2430,#2432,#2434,#2436,#2438,
#2440,#2442,#2444,#2446,#2448,#2450));
#2452=FACE_OUTER_BOUND('',#2451,.F.);
#2453=ADVANCED_FACE('',(#2452),#2419,.T.);
#2454=CARTESIAN_POINT('',(-1.47E-1,0.E0,0.E0));
#2455=DIRECTION('',(1.E0,0.E0,0.E0));
#2456=DIRECTION('',(0.E0,0.E0,-1.E0));
#2457=AXIS2_PLACEMENT_3D('',#2454,#2455,#2456);
#2458=PLANE('',#2457);
#2459=ORIENTED_EDGE('',*,*,#2420,.F.);
#2461=ORIENTED_EDGE('',*,*,#2460,.T.);
#2463=ORIENTED_EDGE('',*,*,#2462,.T.);
#2465=ORIENTED_EDGE('',*,*,#2464,.T.);
#2467=ORIENTED_EDGE('',*,*,#2466,.T.);
#2469=ORIENTED_EDGE('',*,*,#2468,.T.);
#2470=EDGE_LOOP('',(#2459,#2461,#2463,#2465,#2467,#2469));
#2471=FACE_OUTER_BOUND('',#2470,.F.);
#2472=ADVANCED_FACE('',(#2471),#2458,.F.);
#2473=CARTESIAN_POINT('',(-3.345E-1,0.E0,-4.7E-1));
#2474=DIRECTION('',(0.E0,0.E0,-1.E0));
#2475=DIRECTION('',(0.E0,1.E0,0.E0));
#2476=AXIS2_PLACEMENT_3D('',#2473,#2474,#2475);
#2477=PLANE('',#2476);
#2478=ORIENTED_EDGE('',*,*,#2460,.F.);
#2479=ORIENTED_EDGE('',*,*,#2449,.T.);
#2481=ORIENTED_EDGE('',*,*,#2480,.T.);
#2483=ORIENTED_EDGE('',*,*,#2482,.T.);
#2485=ORIENTED_EDGE('',*,*,#2484,.F.);
#2486=ORIENTED_EDGE('',*,*,#2441,.T.);
#2488=ORIENTED_EDGE('',*,*,#2487,.T.);
#2490=ORIENTED_EDGE('',*,*,#2489,.T.);
#2492=ORIENTED_EDGE('',*,*,#2491,.F.);
#2493=ORIENTED_EDGE('',*,*,#2433,.T.);
#2495=ORIENTED_EDGE('',*,*,#2494,.T.);
#2497=ORIENTED_EDGE('',*,*,#2496,.F.);
#2498=ORIENTED_EDGE('',*,*,#2400,.F.);
#2499=ORIENTED_EDGE('',*,*,#2426,.T.);
#2501=ORIENTED_EDGE('',*,*,#2500,.T.);
#2503=ORIENTED_EDGE('',*,*,#2502,.T.);
#2504=EDGE_LOOP('',(#2478,#2479,#2481,#2483,#2485,#2486,#2488,#2490,#2492,#2493,
#2495,#2497,#2498,#2499,#2501,#2503));
#2505=FACE_OUTER_BOUND('',#2504,.F.);
#2506=ADVANCED_FACE('',(#2505),#2477,.T.);
#2507=CARTESIAN_POINT('',(-5.E-2,0.E0,0.E0));
#2508=DIRECTION('',(1.E0,0.E0,0.E0));
#2509=DIRECTION('',(0.E0,0.E0,-1.E0));
#2510=AXIS2_PLACEMENT_3D('',#2507,#2508,#2509);
#2511=PLANE('',#2510);
#2512=ORIENTED_EDGE('',*,*,#2447,.T.);
#2514=ORIENTED_EDGE('',*,*,#2513,.F.);
#2516=ORIENTED_EDGE('',*,*,#2515,.F.);
#2518=ORIENTED_EDGE('',*,*,#2517,.F.);
#2520=ORIENTED_EDGE('',*,*,#2519,.F.);
#2521=ORIENTED_EDGE('',*,*,#2480,.F.);
#2522=EDGE_LOOP('',(#2512,#2514,#2516,#2518,#2520,#2521));
#2523=FACE_OUTER_BOUND('',#2522,.F.);
#2524=ADVANCED_FACE('',(#2523),#2511,.T.);
#2525=CARTESIAN_POINT('',(5.E-2,1.E-2,-3.5E-1));
#2526=DIRECTION('',(0.E0,7.071067811865E-1,7.071067811865E-1));
#2527=DIRECTION('',(0.E0,-7.071067811865E-1,7.071067811865E-1));
#2528=AXIS2_PLACEMENT_3D('',#2525,#2526,#2527);
#2529=PLANE('',#2528);
#2530=ORIENTED_EDGE('',*,*,#2445,.T.);
#2532=ORIENTED_EDGE('',*,*,#2531,.F.);
#2534=ORIENTED_EDGE('',*,*,#2533,.T.);
#2535=ORIENTED_EDGE('',*,*,#2513,.T.);
#2536=EDGE_LOOP('',(#2530,#2532,#2534,#2535));
#2537=FACE_OUTER_BOUND('',#2536,.F.);
#2538=ADVANCED_FACE('',(#2537),#2529,.F.);
#2539=CARTESIAN_POINT('',(5.E-2,0.E0,0.E0));
#2540=DIRECTION('',(1.E0,0.E0,0.E0));
#2541=DIRECTION('',(0.E0,0.E0,-1.E0));
#2542=AXIS2_PLACEMENT_3D('',#2539,#2540,#2541);
#2543=PLANE('',#2542);
#2544=ORIENTED_EDGE('',*,*,#2443,.F.);
#2545=ORIENTED_EDGE('',*,*,#2484,.T.);
#2547=ORIENTED_EDGE('',*,*,#2546,.T.);
#2549=ORIENTED_EDGE('',*,*,#2548,.T.);
#2551=ORIENTED_EDGE('',*,*,#2550,.T.);
#2552=ORIENTED_EDGE('',*,*,#2531,.T.);
#2553=EDGE_LOOP('',(#2544,#2545,#2547,#2549,#2551,#2552));
#2554=FACE_OUTER_BOUND('',#2553,.F.);
#2555=ADVANCED_FACE('',(#2554),#2543,.F.);
#2556=CARTESIAN_POINT('',(5.E-2,2.E-1,-4.7E-1));
#2557=DIRECTION('',(0.E0,1.E0,0.E0));
#2558=DIRECTION('',(0.E0,0.E0,1.E0));
#2559=AXIS2_PLACEMENT_3D('',#2556,#2557,#2558);
#2560=PLANE('',#2559);
#2561=ORIENTED_EDGE('',*,*,#2482,.F.);
#2562=ORIENTED_EDGE('',*,*,#2519,.T.);
#2564=ORIENTED_EDGE('',*,*,#2563,.F.);
#2565=ORIENTED_EDGE('',*,*,#2546,.F.);
#2566=EDGE_LOOP('',(#2561,#2562,#2564,#2565));
#2567=FACE_OUTER_BOUND('',#2566,.F.);
#2568=ADVANCED_FACE('',(#2567),#2560,.F.);
#2569=CARTESIAN_POINT('',(5.E-2,2.E-1,-4.6E-1));
#2570=DIRECTION('',(0.E0,0.E0,1.E0));
#2571=DIRECTION('',(0.E0,-1.E0,0.E0));
#2572=AXIS2_PLACEMENT_3D('',#2569,#2570,#2571);
#2573=PLANE('',#2572);
#2574=ORIENTED_EDGE('',*,*,#2548,.F.);
#2575=ORIENTED_EDGE('',*,*,#2563,.T.);
#2576=ORIENTED_EDGE('',*,*,#2517,.T.);
#2578=ORIENTED_EDGE('',*,*,#2577,.F.);
#2579=EDGE_LOOP('',(#2574,#2575,#2576,#2578));
#2580=FACE_OUTER_BOUND('',#2579,.F.);
#2581=ADVANCED_FACE('',(#2580),#2573,.F.);
#2582=CARTESIAN_POINT('',(5.E-2,1.E-2,-4.6E-1));
#2583=DIRECTION('',(0.E0,1.E0,0.E0));
#2584=DIRECTION('',(0.E0,0.E0,1.E0));
#2585=AXIS2_PLACEMENT_3D('',#2582,#2583,#2584);
#2586=PLANE('',#2585);
#2587=ORIENTED_EDGE('',*,*,#2550,.F.);
#2588=ORIENTED_EDGE('',*,*,#2577,.T.);
#2589=ORIENTED_EDGE('',*,*,#2515,.T.);
#2590=ORIENTED_EDGE('',*,*,#2533,.F.);
#2591=EDGE_LOOP('',(#2587,#2588,#2589,#2590));
#2592=FACE_OUTER_BOUND('',#2591,.F.);
#2594=ORIENTED_EDGE('',*,*,#2593,.T.);
#2596=ORIENTED_EDGE('',*,*,#2595,.T.);
#2598=ORIENTED_EDGE('',*,*,#2597,.F.);
#2600=ORIENTED_EDGE('',*,*,#2599,.F.);
#2601=EDGE_LOOP('',(#2594,#2596,#2598,#2600));
#2602=FACE_BOUND('',#2601,.F.);
#2603=ADVANCED_FACE('',(#2592,#2602),#2586,.F.);
#2604=CARTESIAN_POINT('',(-1.95E-2,0.E0,0.E0));
#2605=DIRECTION('',(1.E0,0.E0,0.E0));
#2606=DIRECTION('',(0.E0,0.E0,-1.E0));
#2607=AXIS2_PLACEMENT_3D('',#2604,#2605,#2606);
#2608=PLANE('',#2607);
#2610=ORIENTED_EDGE('',*,*,#2609,.F.);
#2612=ORIENTED_EDGE('',*,*,#2611,.T.);
#2614=ORIENTED_EDGE('',*,*,#2613,.T.);
#2616=ORIENTED_EDGE('',*,*,#2615,.T.);
#2617=EDGE_LOOP('',(#2610,#2612,#2614,#2616));
#2618=FACE_OUTER_BOUND('',#2617,.F.);
#2619=ADVANCED_FACE('',(#2618),#2608,.F.);
#2620=CARTESIAN_POINT('',(-1.95E-2,0.E0,0.E0));
#2621=DIRECTION('',(1.E0,0.E0,0.E0));
#2622=DIRECTION('',(0.E0,0.E0,-1.E0));
#2623=AXIS2_PLACEMENT_3D('',#2620,#2621,#2622);
#2624=PLANE('',#2623);
#2626=ORIENTED_EDGE('',*,*,#2625,.F.);
#2628=ORIENTED_EDGE('',*,*,#2627,.T.);
#2629=ORIENTED_EDGE('',*,*,#2593,.F.);
#2631=ORIENTED_EDGE('',*,*,#2630,.T.);
#2632=EDGE_LOOP('',(#2626,#2628,#2629,#2631));
#2633=FACE_OUTER_BOUND('',#2632,.F.);
#2634=ADVANCED_FACE('',(#2633),#2624,.F.);
#2635=CARTESIAN_POINT('',(-1.45E-2,1.5E-1,-6.5E-2));
#2636=DIRECTION('',(-9.486832980505E-1,0.E0,3.162277660168E-1));
#2637=DIRECTION('',(0.E0,-1.E0,0.E0));
#2638=AXIS2_PLACEMENT_3D('',#2635,#2636,#2637);
#2639=PLANE('',#2638);
#2640=ORIENTED_EDGE('',*,*,#2609,.T.);
#2642=ORIENTED_EDGE('',*,*,#2641,.F.);
#2644=ORIENTED_EDGE('',*,*,#2643,.F.);
#2646=ORIENTED_EDGE('',*,*,#2645,.F.);
#2647=EDGE_LOOP('',(#2640,#2642,#2644,#2646));
#2648=FACE_OUTER_BOUND('',#2647,.F.);
#2649=ADVANCED_FACE('',(#2648),#2639,.T.);
#2650=CARTESIAN_POINT('',(0.E0,1.645E-1,-6.5E-2));
#2651=DIRECTION('',(0.E0,9.486832980505E-1,3.162277660168E-1));
#2652=DIRECTION('',(-1.E0,0.E0,0.E0));
#2653=AXIS2_PLACEMENT_3D('',#2650,#2651,#2652);
#2654=PLANE('',#2653);
#2656=ORIENTED_EDGE('',*,*,#2655,.F.);
#2658=ORIENTED_EDGE('',*,*,#2657,.T.);
#2660=ORIENTED_EDGE('',*,*,#2659,.T.);
#2661=ORIENTED_EDGE('',*,*,#2641,.T.);
#2662=EDGE_LOOP('',(#2656,#2658,#2660,#2661));
#2663=FACE_OUTER_BOUND('',#2662,.F.);
#2664=ADVANCED_FACE('',(#2663),#2654,.T.);
#2665=CARTESIAN_POINT('',(-1.95E-2,1.695E-1,-3.505E-1));
#2666=DIRECTION('',(0.E0,1.E0,0.E0));
#2667=DIRECTION('',(0.E0,0.E0,1.E0));
#2668=AXIS2_PLACEMENT_3D('',#2665,#2666,#2667);
#2669=PLANE('',#2668);
#2670=ORIENTED_EDGE('',*,*,#2655,.T.);
#2671=ORIENTED_EDGE('',*,*,#2615,.F.);
#2673=ORIENTED_EDGE('',*,*,#2672,.T.);
#2675=ORIENTED_EDGE('',*,*,#2674,.T.);
#2676=EDGE_LOOP('',(#2670,#2671,#2673,#2675));
#2677=FACE_OUTER_BOUND('',#2676,.F.);
#2678=ADVANCED_FACE('',(#2677),#2669,.T.);
#2679=CARTESIAN_POINT('',(0.E0,1.5E-1,-2.9E-1));
#2680=DIRECTION('',(0.E0,0.E0,1.E0));
#2681=DIRECTION('',(0.E0,1.E0,0.E0));
#2682=AXIS2_PLACEMENT_3D('',#2679,#2680,#2681);
#2683=PLANE('',#2682);
#2685=ORIENTED_EDGE('',*,*,#2684,.T.);
#2687=ORIENTED_EDGE('',*,*,#2686,.F.);
#2688=EDGE_LOOP('',(#2685,#2687));
#2689=FACE_OUTER_BOUND('',#2688,.F.);
#2690=ORIENTED_EDGE('',*,*,#2613,.F.);
#2692=ORIENTED_EDGE('',*,*,#2691,.T.);
#2694=ORIENTED_EDGE('',*,*,#2693,.T.);
#2695=ORIENTED_EDGE('',*,*,#2672,.F.);
#2696=EDGE_LOOP('',(#2690,#2692,#2694,#2695));
#2697=FACE_BOUND('',#2696,.F.);
#2698=ADVANCED_FACE('',(#2689,#2697),#2683,.T.);
#2699=CARTESIAN_POINT('',(0.E0,1.5E-1,-3.53E-1));
#2700=DIRECTION('',(0.E0,0.E0,1.E0));
#2701=DIRECTION('',(0.E0,1.E0,0.E0));
#2702=AXIS2_PLACEMENT_3D('',#2699,#2700,#2701);
#2703=CYLINDRICAL_SURFACE('',#2702,4.E-2);
#2705=ORIENTED_EDGE('',*,*,#2704,.F.);
#2707=ORIENTED_EDGE('',*,*,#2706,.F.);
#2708=ORIENTED_EDGE('',*,*,#2684,.F.);
#2710=ORIENTED_EDGE('',*,*,#2709,.T.);
#2712=ORIENTED_EDGE('',*,*,#2711,.F.);
#2714=ORIENTED_EDGE('',*,*,#2713,.F.);
#2715=EDGE_LOOP('',(#2705,#2707,#2708,#2710,#2712,#2714));
#2716=FACE_OUTER_BOUND('',#2715,.F.);
#2717=ADVANCED_FACE('',(#2716),#2703,.T.);
#2718=CARTESIAN_POINT('',(-3.345E-1,0.E0,-3.3E-1));
#2719=DIRECTION('',(0.E0,0.E0,1.E0));
#2720=DIRECTION('',(1.E0,0.E0,0.E0));
#2721=AXIS2_PLACEMENT_3D('',#2718,#2719,#2720);
#2722=PLANE('',#2721);
#2724=ORIENTED_EDGE('',*,*,#2723,.T.);
#2726=ORIENTED_EDGE('',*,*,#2725,.F.);
#2728=ORIENTED_EDGE('',*,*,#2727,.F.);
#2730=ORIENTED_EDGE('',*,*,#2729,.F.);
#2732=ORIENTED_EDGE('',*,*,#2731,.T.);
#2733=ORIENTED_EDGE('',*,*,#2704,.T.);
#2735=ORIENTED_EDGE('',*,*,#2734,.T.);
#2737=ORIENTED_EDGE('',*,*,#2736,.F.);
#2739=ORIENTED_EDGE('',*,*,#2738,.F.);
#2740=EDGE_LOOP('',(#2724,#2726,#2728,#2730,#2732,#2733,#2735,#2737,#2739));
#2741=FACE_OUTER_BOUND('',#2740,.F.);
#2742=ADVANCED_FACE('',(#2741),#2722,.T.);
#2743=CARTESIAN_POINT('',(3.07E-1,2.7E-1,0.E0));
#2744=DIRECTION('',(0.E0,1.E0,0.E0));
#2745=DIRECTION('',(-1.E0,0.E0,0.E0));
#2746=AXIS2_PLACEMENT_3D('',#2743,#2744,#2745);
#2747=PLANE('',#2746);
#2749=ORIENTED_EDGE('',*,*,#2748,.F.);
#2751=ORIENTED_EDGE('',*,*,#2750,.T.);
#2753=ORIENTED_EDGE('',*,*,#2752,.F.);
#2755=ORIENTED_EDGE('',*,*,#2754,.T.);
#2757=ORIENTED_EDGE('',*,*,#2756,.F.);
#2759=ORIENTED_EDGE('',*,*,#2758,.T.);
#2761=ORIENTED_EDGE('',*,*,#2760,.T.);
#2763=ORIENTED_EDGE('',*,*,#2762,.T.);
#2765=ORIENTED_EDGE('',*,*,#2764,.T.);
#2767=ORIENTED_EDGE('',*,*,#2766,.F.);
#2769=ORIENTED_EDGE('',*,*,#2768,.F.);
#2771=ORIENTED_EDGE('',*,*,#2770,.T.);
#2773=ORIENTED_EDGE('',*,*,#2772,.T.);
#2774=ORIENTED_EDGE('',*,*,#2723,.F.);
#2776=ORIENTED_EDGE('',*,*,#2775,.F.);
#2778=ORIENTED_EDGE('',*,*,#2777,.T.);
#2780=ORIENTED_EDGE('',*,*,#2779,.T.);
#2782=ORIENTED_EDGE('',*,*,#2781,.F.);
#2784=ORIENTED_EDGE('',*,*,#2783,.F.);
#2786=ORIENTED_EDGE('',*,*,#2785,.T.);
#2788=ORIENTED_EDGE('',*,*,#2787,.F.);
#2790=ORIENTED_EDGE('',*,*,#2789,.T.);
#2791=EDGE_LOOP('',(#2749,#2751,#2753,#2755,#2757,#2759,#2761,#2763,#2765,#2767,
#2769,#2771,#2773,#2774,#2776,#2778,#2780,#2782,#2784,#2786,#2788,#2790));
#2792=FACE_OUTER_BOUND('',#2791,.F.);
#2793=ADVANCED_FACE('',(#2792),#2747,.F.);
#2794=CARTESIAN_POINT('',(-1.77E-1,3.3E-1,-5.E-2));
#2795=DIRECTION('',(0.E0,0.E0,-1.E0));
#2796=DIRECTION('',(-1.E0,0.E0,0.E0));
#2797=AXIS2_PLACEMENT_3D('',#2794,#2795,#2796);
#2798=PLANE('',#2797);
#2800=ORIENTED_EDGE('',*,*,#2799,.F.);
#2802=ORIENTED_EDGE('',*,*,#2801,.T.);
#2803=ORIENTED_EDGE('',*,*,#2748,.T.);
#2805=ORIENTED_EDGE('',*,*,#2804,.F.);
#2806=EDGE_LOOP('',(#2800,#2802,#2803,#2805));
#2807=FACE_OUTER_BOUND('',#2806,.F.);
#2808=ADVANCED_FACE('',(#2807),#2798,.F.);
#2809=CARTESIAN_POINT('',(-3.345E-1,3.3E-1,-1.E-1));
#2810=DIRECTION('',(0.E0,1.E0,0.E0));
#2811=DIRECTION('',(0.E0,0.E0,1.E0));
#2812=AXIS2_PLACEMENT_3D('',#2809,#2810,#2811);
#2813=PLANE('',#2812);
#2814=ORIENTED_EDGE('',*,*,#2799,.T.);
#2816=ORIENTED_EDGE('',*,*,#2815,.F.);
#2817=ORIENTED_EDGE('',*,*,#2406,.F.);
#2819=ORIENTED_EDGE('',*,*,#2818,.T.);
#2821=ORIENTED_EDGE('',*,*,#2820,.T.);
#2823=ORIENTED_EDGE('',*,*,#2822,.F.);
#2825=ORIENTED_EDGE('',*,*,#2824,.T.);
#2827=ORIENTED_EDGE('',*,*,#2826,.F.);
#2829=ORIENTED_EDGE('',*,*,#2828,.T.);
#2831=ORIENTED_EDGE('',*,*,#2830,.F.);
#2832=EDGE_LOOP('',(#2814,#2816,#2817,#2819,#2821,#2823,#2825,#2827,#2829,
#2831));
#2833=FACE_OUTER_BOUND('',#2832,.F.);
#2834=ADVANCED_FACE('',(#2833),#2813,.T.);
#2835=CARTESIAN_POINT('',(-3.345E-1,3.3E-1,-5.E-2));
#2836=DIRECTION('',(0.E0,9.805806756909E-1,1.961161351382E-1));
#2837=DIRECTION('',(0.E0,-1.961161351382E-1,9.805806756909E-1));
#2838=AXIS2_PLACEMENT_3D('',#2835,#2836,#2837);
#2839=PLANE('',#2838);
#2841=ORIENTED_EDGE('',*,*,#2840,.T.);
#2842=ORIENTED_EDGE('',*,*,#2822,.T.);
#2844=ORIENTED_EDGE('',*,*,#2843,.T.);
#2846=ORIENTED_EDGE('',*,*,#2845,.F.);
#2847=EDGE_LOOP('',(#2841,#2842,#2844,#2846));
#2848=FACE_OUTER_BOUND('',#2847,.F.);
#2849=ADVANCED_FACE('',(#2848),#2839,.T.);
#2850=CARTESIAN_POINT('',(-3.345E-1,3.3E-1,-5.E-2));
#2851=DIRECTION('',(0.E0,9.805806756909E-1,1.961161351382E-1));
#2852=DIRECTION('',(0.E0,-1.961161351382E-1,9.805806756909E-1));
#2853=AXIS2_PLACEMENT_3D('',#2850,#2851,#2852);
#2854=PLANE('',#2853);
#2856=ORIENTED_EDGE('',*,*,#2855,.F.);
#2857=ORIENTED_EDGE('',*,*,#2826,.T.);
#2859=ORIENTED_EDGE('',*,*,#2858,.F.);
#2861=ORIENTED_EDGE('',*,*,#2860,.F.);
#2862=EDGE_LOOP('',(#2856,#2857,#2859,#2861));
#2863=FACE_OUTER_BOUND('',#2862,.F.);
#2864=ADVANCED_FACE('',(#2863),#2854,.T.);
#2865=CARTESIAN_POINT('',(-3.345E-1,3.3E-1,-5.E-2));
#2866=DIRECTION('',(0.E0,9.805806756909E-1,1.961161351382E-1));
#2867=DIRECTION('',(0.E0,-1.961161351382E-1,9.805806756909E-1));
#2868=AXIS2_PLACEMENT_3D('',#2865,#2866,#2867);
#2869=PLANE('',#2868);
#2871=ORIENTED_EDGE('',*,*,#2870,.T.);
#2873=ORIENTED_EDGE('',*,*,#2872,.F.);
#2874=ORIENTED_EDGE('',*,*,#2408,.F.);
#2875=ORIENTED_EDGE('',*,*,#2815,.T.);
#2876=EDGE_LOOP('',(#2871,#2873,#2874,#2875));
#2877=FACE_OUTER_BOUND('',#2876,.F.);
#2878=ADVANCED_FACE('',(#2877),#2869,.T.);
#2879=CARTESIAN_POINT('',(-3.345E-1,3.3E-1,-5.E-2));
#2880=DIRECTION('',(0.E0,9.805806756909E-1,1.961161351382E-1));
#2881=DIRECTION('',(0.E0,-1.961161351382E-1,9.805806756909E-1));
#2882=AXIS2_PLACEMENT_3D('',#2879,#2880,#2881);
#2883=PLANE('',#2882);
#2885=ORIENTED_EDGE('',*,*,#2884,.F.);
#2886=ORIENTED_EDGE('',*,*,#2830,.T.);
#2888=ORIENTED_EDGE('',*,*,#2887,.T.);
#2890=ORIENTED_EDGE('',*,*,#2889,.F.);
#2891=EDGE_LOOP('',(#2885,#2886,#2888,#2890));
#2892=FACE_OUTER_BOUND('',#2891,.F.);
#2893=ADVANCED_FACE('',(#2892),#2883,.T.);
#2894=CARTESIAN_POINT('',(2.27E-1,3.3E-1,0.E0));
#2895=DIRECTION('',(9.805806756909E-1,0.E0,-1.961161351382E-1));
#2896=DIRECTION('',(-1.961161351382E-1,0.E0,-9.805806756909E-1));
#2897=AXIS2_PLACEMENT_3D('',#2894,#2895,#2896);
#2898=PLANE('',#2897);
#2899=ORIENTED_EDGE('',*,*,#2840,.F.);
#2901=ORIENTED_EDGE('',*,*,#2900,.F.);
#2903=ORIENTED_EDGE('',*,*,#2902,.T.);
#2905=ORIENTED_EDGE('',*,*,#2904,.F.);
#2906=EDGE_LOOP('',(#2899,#2901,#2903,#2905));
#2907=FACE_OUTER_BOUND('',#2906,.F.);
#2908=ADVANCED_FACE('',(#2907),#2898,.F.);
#2909=CARTESIAN_POINT('',(-3.345E-1,3.2E-1,0.E0));
#2910=DIRECTION('',(0.E0,0.E0,1.E0));
#2911=DIRECTION('',(0.E0,-1.E0,0.E0));
#2912=AXIS2_PLACEMENT_3D('',#2909,#2910,#2911);
#2913=PLANE('',#2912);
#2915=ORIENTED_EDGE('',*,*,#2914,.F.);
#2916=ORIENTED_EDGE('',*,*,#2860,.T.);
#2918=ORIENTED_EDGE('',*,*,#2917,.F.);
#2920=ORIENTED_EDGE('',*,*,#2919,.F.);
#2921=EDGE_LOOP('',(#2915,#2916,#2918,#2920));
#2922=FACE_OUTER_BOUND('',#2921,.F.);
#2923=ADVANCED_FACE('',(#2922),#2913,.T.);
#2924=CARTESIAN_POINT('',(-3.345E-1,3.2E-1,0.E0));
#2925=DIRECTION('',(0.E0,0.E0,1.E0));
#2926=DIRECTION('',(0.E0,-1.E0,0.E0));
#2927=AXIS2_PLACEMENT_3D('',#2924,#2925,#2926);
#2928=PLANE('',#2927);
#2930=ORIENTED_EDGE('',*,*,#2929,.T.);
#2932=ORIENTED_EDGE('',*,*,#2931,.F.);
#2934=ORIENTED_EDGE('',*,*,#2933,.F.);
#2936=ORIENTED_EDGE('',*,*,#2935,.F.);
#2938=ORIENTED_EDGE('',*,*,#2937,.F.);
#2940=ORIENTED_EDGE('',*,*,#2939,.F.);
#2942=ORIENTED_EDGE('',*,*,#2941,.F.);
#2944=ORIENTED_EDGE('',*,*,#2943,.F.);
#2946=ORIENTED_EDGE('',*,*,#2945,.F.);
#2948=ORIENTED_EDGE('',*,*,#2947,.F.);
#2950=ORIENTED_EDGE('',*,*,#2949,.F.);
#2952=ORIENTED_EDGE('',*,*,#2951,.F.);
#2953=ORIENTED_EDGE('',*,*,#2900,.T.);
#2954=ORIENTED_EDGE('',*,*,#2845,.T.);
#2956=ORIENTED_EDGE('',*,*,#2955,.T.);
#2957=ORIENTED_EDGE('',*,*,#2429,.F.);
#2958=ORIENTED_EDGE('',*,*,#2410,.F.);
#2959=ORIENTED_EDGE('',*,*,#2872,.T.);
#2960=EDGE_LOOP('',(#2930,#2932,#2934,#2936,#2938,#2940,#2942,#2944,#2946,#2948,
#2950,#2952,#2953,#2954,#2956,#2957,#2958,#2959));
#2961=FACE_OUTER_BOUND('',#2960,.F.);
#2962=ADVANCED_FACE('',(#2961),#2928,.T.);
#2963=CARTESIAN_POINT('',(-3.345E-1,3.2E-1,0.E0));
#2964=DIRECTION('',(0.E0,0.E0,1.E0));
#2965=DIRECTION('',(0.E0,-1.E0,0.E0));
#2966=AXIS2_PLACEMENT_3D('',#2963,#2964,#2965);
#2967=PLANE('',#2966);
#2969=ORIENTED_EDGE('',*,*,#2968,.F.);
#2970=ORIENTED_EDGE('',*,*,#2889,.T.);
#2972=ORIENTED_EDGE('',*,*,#2971,.T.);
#2974=ORIENTED_EDGE('',*,*,#2973,.F.);
#2975=EDGE_LOOP('',(#2969,#2970,#2972,#2974));
#2976=FACE_OUTER_BOUND('',#2975,.F.);
#2977=ADVANCED_FACE('',(#2976),#2967,.T.);
#2978=CARTESIAN_POINT('',(3.E-2,3.3E-1,0.E0));
#2979=DIRECTION('',(9.805806756909E-1,0.E0,-1.961161351382E-1));
#2980=DIRECTION('',(-1.961161351382E-1,0.E0,-9.805806756909E-1));
#2981=AXIS2_PLACEMENT_3D('',#2978,#2979,#2980);
#2982=PLANE('',#2981);
#2983=ORIENTED_EDGE('',*,*,#2855,.T.);
#2984=ORIENTED_EDGE('',*,*,#2914,.T.);
#2986=ORIENTED_EDGE('',*,*,#2985,.T.);
#2988=ORIENTED_EDGE('',*,*,#2987,.F.);
#2989=EDGE_LOOP('',(#2983,#2984,#2986,#2988));
#2990=FACE_OUTER_BOUND('',#2989,.F.);
#2991=ADVANCED_FACE('',(#2990),#2982,.F.);
#2992=CARTESIAN_POINT('',(0.E0,2.75E-1,-2.5E-2));
#2993=DIRECTION('',(0.E0,-9.805806756909E-1,1.961161351382E-1));
#2994=DIRECTION('',(-1.E0,0.E0,0.E0));
#2995=AXIS2_PLACEMENT_3D('',#2992,#2993,#2994);
#2996=PLANE('',#2995);
#2997=ORIENTED_EDGE('',*,*,#2902,.F.);
#2998=ORIENTED_EDGE('',*,*,#2951,.T.);
#3000=ORIENTED_EDGE('',*,*,#2999,.T.);
#3001=ORIENTED_EDGE('',*,*,#2758,.F.);
#3002=EDGE_LOOP('',(#2997,#2998,#3000,#3001));
#3003=FACE_OUTER_BOUND('',#3002,.F.);
#3004=ADVANCED_FACE('',(#3003),#2996,.T.);
#3005=CARTESIAN_POINT('',(0.E0,2.75E-1,-2.5E-2));
#3006=DIRECTION('',(0.E0,-9.805806756909E-1,1.961161351382E-1));
#3007=DIRECTION('',(-1.E0,0.E0,0.E0));
#3008=AXIS2_PLACEMENT_3D('',#3005,#3006,#3007);
#3009=PLANE('',#3008);
#3010=ORIENTED_EDGE('',*,*,#2985,.F.);
#3011=ORIENTED_EDGE('',*,*,#2919,.T.);
#3013=ORIENTED_EDGE('',*,*,#3012,.T.);
#3014=ORIENTED_EDGE('',*,*,#2754,.F.);
#3015=EDGE_LOOP('',(#3010,#3011,#3013,#3014));
#3016=FACE_OUTER_BOUND('',#3015,.F.);
#3017=ADVANCED_FACE('',(#3016),#3009,.T.);
#3018=CARTESIAN_POINT('',(0.E0,2.75E-1,-2.5E-2));
#3019=DIRECTION('',(0.E0,-9.805806756909E-1,1.961161351382E-1));
#3020=DIRECTION('',(-1.E0,0.E0,0.E0));
#3021=AXIS2_PLACEMENT_3D('',#3018,#3019,#3020);
#3022=PLANE('',#3021);
#3024=ORIENTED_EDGE('',*,*,#3023,.T.);
#3025=ORIENTED_EDGE('',*,*,#2789,.F.);
#3027=ORIENTED_EDGE('',*,*,#3026,.F.);
#3028=ORIENTED_EDGE('',*,*,#2931,.T.);
#3029=EDGE_LOOP('',(#3024,#3025,#3027,#3028));
#3030=FACE_OUTER_BOUND('',#3029,.F.);
#3031=ADVANCED_FACE('',(#3030),#3022,.T.);
#3032=CARTESIAN_POINT('',(0.E0,2.75E-1,-2.5E-2));
#3033=DIRECTION('',(0.E0,-9.805806756909E-1,1.961161351382E-1));
#3034=DIRECTION('',(-1.E0,0.E0,0.E0));
#3035=AXIS2_PLACEMENT_3D('',#3032,#3033,#3034);
#3036=PLANE('',#3035);
#3038=ORIENTED_EDGE('',*,*,#3037,.F.);
#3039=ORIENTED_EDGE('',*,*,#2973,.T.);
#3041=ORIENTED_EDGE('',*,*,#3040,.T.);
#3042=ORIENTED_EDGE('',*,*,#2750,.F.);
#3043=EDGE_LOOP('',(#3038,#3039,#3041,#3042));
#3044=FACE_OUTER_BOUND('',#3043,.F.);
#3045=ADVANCED_FACE('',(#3044),#3036,.T.);
#3046=CARTESIAN_POINT('',(3.12E-1,1.65E-1,-2.5E-2));
#3047=DIRECTION('',(-9.805806756909E-1,0.E0,1.961161351382E-1));
#3048=DIRECTION('',(0.E0,-1.E0,0.E0));
#3049=AXIS2_PLACEMENT_3D('',#3046,#3047,#3048);
#3050=PLANE('',#3049);
#3052=ORIENTED_EDGE('',*,*,#3051,.F.);
#3053=ORIENTED_EDGE('',*,*,#2999,.F.);
#3054=ORIENTED_EDGE('',*,*,#2949,.T.);
#3056=ORIENTED_EDGE('',*,*,#3055,.T.);
#3057=EDGE_LOOP('',(#3052,#3053,#3054,#3056));
#3058=FACE_OUTER_BOUND('',#3057,.F.);
#3059=ADVANCED_FACE('',(#3058),#3050,.T.);
#3060=CARTESIAN_POINT('',(3.07E-1,6.E-2,0.E0));
#3061=DIRECTION('',(1.E0,0.E0,0.E0));
#3062=DIRECTION('',(0.E0,1.E0,0.E0));
#3063=AXIS2_PLACEMENT_3D('',#3060,#3061,#3062);
#3064=PLANE('',#3063);
#3066=ORIENTED_EDGE('',*,*,#3065,.T.);
#3068=ORIENTED_EDGE('',*,*,#3067,.T.);
#3070=ORIENTED_EDGE('',*,*,#3069,.T.);
#3072=ORIENTED_EDGE('',*,*,#3071,.F.);
#3074=ORIENTED_EDGE('',*,*,#3073,.T.);
#3075=ORIENTED_EDGE('',*,*,#2760,.F.);
#3076=ORIENTED_EDGE('',*,*,#3051,.T.);
#3078=ORIENTED_EDGE('',*,*,#3077,.T.);
#3079=EDGE_LOOP('',(#3066,#3068,#3070,#3072,#3074,#3075,#3076,#3078));
#3080=FACE_OUTER_BOUND('',#3079,.F.);
#3081=ADVANCED_FACE('',(#3080),#3064,.F.);
#3082=CARTESIAN_POINT('',(-3.345E-1,0.E0,-3.5E-1));
#3083=DIRECTION('',(0.E0,0.E0,1.E0));
#3084=DIRECTION('',(1.E0,0.E0,0.E0));
#3085=AXIS2_PLACEMENT_3D('',#3082,#3083,#3084);
#3086=PLANE('',#3085);
#3088=ORIENTED_EDGE('',*,*,#3087,.T.);
#3090=ORIENTED_EDGE('',*,*,#3089,.T.);
#3092=ORIENTED_EDGE('',*,*,#3091,.F.);
#3093=ORIENTED_EDGE('',*,*,#3065,.F.);
#3095=ORIENTED_EDGE('',*,*,#3094,.F.);
#3097=ORIENTED_EDGE('',*,*,#3096,.F.);
#3098=EDGE_LOOP('',(#3088,#3090,#3092,#3093,#3095,#3097));
#3099=FACE_OUTER_BOUND('',#3098,.F.);
#3100=ADVANCED_FACE('',(#3099),#3086,.T.);
#3101=CARTESIAN_POINT('',(-3.345E-1,0.E0,-3.5E-1));
#3102=DIRECTION('',(0.E0,0.E0,1.E0));
#3103=DIRECTION('',(1.E0,0.E0,0.E0));
#3104=AXIS2_PLACEMENT_3D('',#3101,#3102,#3103);
#3105=PLANE('',#3104);
#3107=ORIENTED_EDGE('',*,*,#3106,.T.);
#3109=ORIENTED_EDGE('',*,*,#3108,.T.);
#3111=ORIENTED_EDGE('',*,*,#3110,.F.);
#3113=ORIENTED_EDGE('',*,*,#3112,.T.);
#3115=ORIENTED_EDGE('',*,*,#3114,.T.);
#3117=ORIENTED_EDGE('',*,*,#3116,.F.);
#3119=ORIENTED_EDGE('',*,*,#3118,.F.);
#3121=ORIENTED_EDGE('',*,*,#3120,.F.);
#3122=EDGE_LOOP('',(#3107,#3109,#3111,#3113,#3115,#3117,#3119,#3121));
#3123=FACE_OUTER_BOUND('',#3122,.F.);
#3124=ADVANCED_FACE('',(#3123),#3105,.T.);
#3125=CARTESIAN_POINT('',(-3.345E-1,0.E0,-3.5E-1));
#3126=DIRECTION('',(0.E0,0.E0,1.E0));
#3127=DIRECTION('',(1.E0,0.E0,0.E0));
#3128=AXIS2_PLACEMENT_3D('',#3125,#3126,#3127);
#3129=PLANE('',#3128);
#3131=ORIENTED_EDGE('',*,*,#3130,.T.);
#3133=ORIENTED_EDGE('',*,*,#3132,.T.);
#3135=ORIENTED_EDGE('',*,*,#3134,.T.);
#3137=ORIENTED_EDGE('',*,*,#3136,.F.);
#3139=ORIENTED_EDGE('',*,*,#3138,.F.);
#3141=ORIENTED_EDGE('',*,*,#3140,.F.);
#3142=EDGE_LOOP('',(#3131,#3133,#3135,#3137,#3139,#3141));
#3143=FACE_OUTER_BOUND('',#3142,.F.);
#3144=ADVANCED_FACE('',(#3143),#3129,.T.);
#3145=CARTESIAN_POINT('',(-3.345E-1,0.E0,-3.5E-1));
#3146=DIRECTION('',(0.E0,0.E0,1.E0));
#3147=DIRECTION('',(1.E0,0.E0,0.E0));
#3148=AXIS2_PLACEMENT_3D('',#3145,#3146,#3147);
#3149=PLANE('',#3148);
#3151=ORIENTED_EDGE('',*,*,#3150,.T.);
#3153=ORIENTED_EDGE('',*,*,#3152,.T.);
#3155=ORIENTED_EDGE('',*,*,#3154,.F.);
#3157=ORIENTED_EDGE('',*,*,#3156,.T.);
#3159=ORIENTED_EDGE('',*,*,#3158,.T.);
#3161=ORIENTED_EDGE('',*,*,#3160,.F.);
#3163=ORIENTED_EDGE('',*,*,#3162,.F.);
#3165=ORIENTED_EDGE('',*,*,#3164,.F.);
#3166=EDGE_LOOP('',(#3151,#3153,#3155,#3157,#3159,#3161,#3163,#3165));
#3167=FACE_OUTER_BOUND('',#3166,.F.);
#3168=ADVANCED_FACE('',(#3167),#3149,.T.);
#3169=CARTESIAN_POINT('',(-3.345E-1,0.E0,-3.5E-1));
#3170=DIRECTION('',(0.E0,0.E0,1.E0));
#3171=DIRECTION('',(1.E0,0.E0,0.E0));
#3172=AXIS2_PLACEMENT_3D('',#3169,#3170,#3171);
#3173=PLANE('',#3172);
#3175=ORIENTED_EDGE('',*,*,#3174,.T.);
#3177=ORIENTED_EDGE('',*,*,#3176,.F.);
#3178=ORIENTED_EDGE('',*,*,#2762,.F.);
#3179=ORIENTED_EDGE('',*,*,#3073,.F.);
#3181=ORIENTED_EDGE('',*,*,#3180,.T.);
#3182=EDGE_LOOP('',(#3175,#3177,#3178,#3179,#3181));
#3183=FACE_OUTER_BOUND('',#3182,.F.);
#3184=ADVANCED_FACE('',(#3183),#3173,.T.);
#3185=CARTESIAN_POINT('',(-3.345E-1,0.E0,-3.5E-1));
#3186=DIRECTION('',(0.E0,0.E0,1.E0));
#3187=DIRECTION('',(1.E0,0.E0,0.E0));
#3188=AXIS2_PLACEMENT_3D('',#3185,#3186,#3187);
#3189=PLANE('',#3188);
#3191=ORIENTED_EDGE('',*,*,#3190,.T.);
#3193=ORIENTED_EDGE('',*,*,#3192,.F.);
#3194=ORIENTED_EDGE('',*,*,#2770,.F.);
#3196=ORIENTED_EDGE('',*,*,#3195,.T.);
#3198=ORIENTED_EDGE('',*,*,#3197,.T.);
#3200=ORIENTED_EDGE('',*,*,#3199,.F.);
#3201=EDGE_LOOP('',(#3191,#3193,#3194,#3196,#3198,#3200));
#3202=FACE_OUTER_BOUND('',#3201,.F.);
#3203=ADVANCED_FACE('',(#3202),#3189,.T.);
#3204=CARTESIAN_POINT('',(-3.345E-1,0.E0,-3.5E-1));
#3205=DIRECTION('',(0.E0,0.E0,1.E0));
#3206=DIRECTION('',(1.E0,0.E0,0.E0));
#3207=AXIS2_PLACEMENT_3D('',#3204,#3205,#3206);
#3208=PLANE('',#3207);
#3210=ORIENTED_EDGE('',*,*,#3209,.T.);
#3212=ORIENTED_EDGE('',*,*,#3211,.T.);
#3214=ORIENTED_EDGE('',*,*,#3213,.F.);
#3215=ORIENTED_EDGE('',*,*,#2785,.F.);
#3217=ORIENTED_EDGE('',*,*,#3216,.T.);
#3218=EDGE_LOOP('',(#3210,#3212,#3214,#3215,#3217));
#3219=FACE_OUTER_BOUND('',#3218,.F.);
#3220=ADVANCED_FACE('',(#3219),#3208,.T.);
#3221=CARTESIAN_POINT('',(-3.345E-1,0.E0,-3.5E-1));
#3222=DIRECTION('',(0.E0,0.E0,1.E0));
#3223=DIRECTION('',(1.E0,0.E0,0.E0));
#3224=AXIS2_PLACEMENT_3D('',#3221,#3222,#3223);
#3225=PLANE('',#3224);
#3227=ORIENTED_EDGE('',*,*,#3226,.T.);
#3229=ORIENTED_EDGE('',*,*,#3228,.F.);
#3230=ORIENTED_EDGE('',*,*,#2777,.F.);
#3232=ORIENTED_EDGE('',*,*,#3231,.T.);
#3234=ORIENTED_EDGE('',*,*,#3233,.T.);
#3236=ORIENTED_EDGE('',*,*,#3235,.F.);
#3237=EDGE_LOOP('',(#3227,#3229,#3230,#3232,#3234,#3236));
#3238=FACE_OUTER_BOUND('',#3237,.F.);
#3239=ADVANCED_FACE('',(#3238),#3225,.T.);
#3240=CARTESIAN_POINT('',(2.32E-1,4.571673192693E-2,-3.5E-1));
#3241=DIRECTION('',(1.E0,0.E0,0.E0));
#3242=DIRECTION('',(0.E0,1.E0,0.E0));
#3243=AXIS2_PLACEMENT_3D('',#3240,#3241,#3242);
#3244=PLANE('',#3243);
#3245=ORIENTED_EDGE('',*,*,#3087,.F.);
#3247=ORIENTED_EDGE('',*,*,#3246,.T.);
#3249=ORIENTED_EDGE('',*,*,#3248,.T.);
#3251=ORIENTED_EDGE('',*,*,#3250,.F.);
#3252=EDGE_LOOP('',(#3245,#3247,#3249,#3251));
#3253=FACE_OUTER_BOUND('',#3252,.F.);
#3254=ADVANCED_FACE('',(#3253),#3244,.T.);
#3255=CARTESIAN_POINT('',(1.97E-1,1.5E-1,0.E0));
#3256=DIRECTION('',(0.E0,0.E0,1.E0));
#3257=DIRECTION('',(1.E0,0.E0,0.E0));
#3258=AXIS2_PLACEMENT_3D('',#3255,#3256,#3257);
#3259=CYLINDRICAL_SURFACE('',#3258,1.1E-1);
#3260=ORIENTED_EDGE('',*,*,#3116,.T.);
#3262=ORIENTED_EDGE('',*,*,#3261,.T.);
#3264=ORIENTED_EDGE('',*,*,#3263,.T.);
#3265=ORIENTED_EDGE('',*,*,#3246,.F.);
#3266=ORIENTED_EDGE('',*,*,#3096,.T.);
#3268=ORIENTED_EDGE('',*,*,#3267,.T.);
#3270=ORIENTED_EDGE('',*,*,#3269,.T.);
#3272=ORIENTED_EDGE('',*,*,#3271,.F.);
#3273=EDGE_LOOP('',(#3260,#3262,#3264,#3265,#3266,#3268,#3270,#3272));
#3274=FACE_OUTER_BOUND('',#3273,.F.);
#3275=ADVANCED_FACE('',(#3274),#3259,.F.);
#3276=CARTESIAN_POINT('',(1.62E-1,9.821921205698E-2,-3.5E-1));
#3277=DIRECTION('',(-1.E0,0.E0,0.E0));
#3278=DIRECTION('',(0.E0,-1.E0,0.E0));
#3279=AXIS2_PLACEMENT_3D('',#3276,#3277,#3278);
#3280=PLANE('',#3279);
#3281=ORIENTED_EDGE('',*,*,#3114,.F.);
#3283=ORIENTED_EDGE('',*,*,#3282,.T.);
#3285=ORIENTED_EDGE('',*,*,#3284,.T.);
#3286=ORIENTED_EDGE('',*,*,#3261,.F.);
#3287=EDGE_LOOP('',(#3281,#3283,#3285,#3286));
#3288=FACE_OUTER_BOUND('',#3287,.F.);
#3289=ADVANCED_FACE('',(#3288),#3280,.T.);
#3290=CARTESIAN_POINT('',(1.97E-1,1.5E-1,-3.5E-1));
#3291=DIRECTION('',(0.E0,0.E0,1.E0));
#3292=DIRECTION('',(1.E0,0.E0,0.E0));
#3293=AXIS2_PLACEMENT_3D('',#3290,#3291,#3292);
#3294=CYLINDRICAL_SURFACE('',#3293,6.25E-2);
#3295=ORIENTED_EDGE('',*,*,#3112,.F.);
#3297=ORIENTED_EDGE('',*,*,#3296,.T.);
#3299=ORIENTED_EDGE('',*,*,#3298,.T.);
#3300=ORIENTED_EDGE('',*,*,#3282,.F.);
#3301=EDGE_LOOP('',(#3295,#3297,#3299,#3300));
#3302=FACE_OUTER_BOUND('',#3301,.F.);
#3303=ADVANCED_FACE('',(#3302),#3294,.T.);
#3304=CARTESIAN_POINT('',(8.703126357515E-2,1.325E-1,-3.5E-1));
#3305=DIRECTION('',(0.E0,-1.E0,0.E0));
#3306=DIRECTION('',(1.E0,0.E0,0.E0));
#3307=AXIS2_PLACEMENT_3D('',#3304,#3305,#3306);
#3308=PLANE('',#3307);
#3309=ORIENTED_EDGE('',*,*,#3110,.T.);
#3311=ORIENTED_EDGE('',*,*,#3310,.T.);
#3313=ORIENTED_EDGE('',*,*,#3312,.T.);
#3314=ORIENTED_EDGE('',*,*,#3296,.F.);
#3315=EDGE_LOOP('',(#3309,#3311,#3313,#3314));
#3316=FACE_OUTER_BOUND('',#3315,.F.);
#3317=ADVANCED_FACE('',(#3316),#3308,.T.);
#3318=CARTESIAN_POINT('',(0.E0,1.5E-1,-3.5E-1));
#3319=DIRECTION('',(0.E0,0.E0,1.E0));
#3320=DIRECTION('',(1.E0,0.E0,0.E0));
#3321=AXIS2_PLACEMENT_3D('',#3318,#3319,#3320);
#3322=CYLINDRICAL_SURFACE('',#3321,6.25E-2);
#3323=ORIENTED_EDGE('',*,*,#3108,.F.);
#3325=ORIENTED_EDGE('',*,*,#3324,.T.);
#3327=ORIENTED_EDGE('',*,*,#3326,.T.);
#3328=ORIENTED_EDGE('',*,*,#3310,.F.);
#3329=EDGE_LOOP('',(#3323,#3325,#3327,#3328));
#3330=FACE_OUTER_BOUND('',#3329,.F.);
#3331=ADVANCED_FACE('',(#3330),#3322,.T.);
#3332=CARTESIAN_POINT('',(3.5E-2,4.571673192693E-2,-3.5E-1));
#3333=DIRECTION('',(1.E0,0.E0,0.E0));
#3334=DIRECTION('',(0.E0,1.E0,0.E0));
#3335=AXIS2_PLACEMENT_3D('',#3332,#3333,#3334);
#3336=PLANE('',#3335);
#3337=ORIENTED_EDGE('',*,*,#3106,.F.);
#3339=ORIENTED_EDGE('',*,*,#3338,.T.);
#3341=ORIENTED_EDGE('',*,*,#3340,.T.);
#3342=ORIENTED_EDGE('',*,*,#3324,.F.);
#3343=EDGE_LOOP('',(#3337,#3339,#3341,#3342));
#3344=FACE_OUTER_BOUND('',#3343,.F.);
#3345=ADVANCED_FACE('',(#3344),#3336,.T.);
#3346=CARTESIAN_POINT('',(0.E0,1.5E-1,0.E0));
#3347=DIRECTION('',(0.E0,0.E0,1.E0));
#3348=DIRECTION('',(1.E0,0.E0,0.E0));
#3349=AXIS2_PLACEMENT_3D('',#3346,#3347,#3348);
#3350=CYLINDRICAL_SURFACE('',#3349,1.1E-1);
#3352=ORIENTED_EDGE('',*,*,#3351,.T.);
#3353=ORIENTED_EDGE('',*,*,#3338,.F.);
#3354=ORIENTED_EDGE('',*,*,#3120,.T.);
#3356=ORIENTED_EDGE('',*,*,#3355,.T.);
#3358=ORIENTED_EDGE('',*,*,#3357,.T.);
#3360=ORIENTED_EDGE('',*,*,#3359,.F.);
#3361=ORIENTED_EDGE('',*,*,#3160,.T.);
#3363=ORIENTED_EDGE('',*,*,#3362,.T.);
#3364=EDGE_LOOP('',(#3352,#3353,#3354,#3356,#3358,#3360,#3361,#3363));
#3365=FACE_OUTER_BOUND('',#3364,.F.);
#3366=ADVANCED_FACE('',(#3365),#3350,.F.);
#3367=CARTESIAN_POINT('',(-3.345E-1,0.E0,-3.1E-1));
#3368=DIRECTION('',(0.E0,0.E0,1.E0));
#3369=DIRECTION('',(1.E0,0.E0,0.E0));
#3370=AXIS2_PLACEMENT_3D('',#3367,#3368,#3369);
#3371=PLANE('',#3370);
#3373=ORIENTED_EDGE('',*,*,#3372,.F.);
#3375=ORIENTED_EDGE('',*,*,#3374,.F.);
#3377=ORIENTED_EDGE('',*,*,#3376,.F.);
#3379=ORIENTED_EDGE('',*,*,#3378,.F.);
#3381=ORIENTED_EDGE('',*,*,#3380,.F.);
#3383=ORIENTED_EDGE('',*,*,#3382,.F.);
#3385=ORIENTED_EDGE('',*,*,#3384,.F.);
#3387=ORIENTED_EDGE('',*,*,#3386,.T.);
#3389=ORIENTED_EDGE('',*,*,#3388,.F.);
#3391=ORIENTED_EDGE('',*,*,#3390,.T.);
#3393=ORIENTED_EDGE('',*,*,#3392,.T.);
#3395=ORIENTED_EDGE('',*,*,#3394,.F.);
#3396=ORIENTED_EDGE('',*,*,#2711,.T.);
#3398=ORIENTED_EDGE('',*,*,#3397,.T.);
#3400=ORIENTED_EDGE('',*,*,#3399,.F.);
#3402=ORIENTED_EDGE('',*,*,#3401,.T.);
#3404=ORIENTED_EDGE('',*,*,#3403,.T.);
#3406=ORIENTED_EDGE('',*,*,#3405,.F.);
#3407=ORIENTED_EDGE('',*,*,#3069,.F.);
#3409=ORIENTED_EDGE('',*,*,#3408,.F.);
#3411=ORIENTED_EDGE('',*,*,#3410,.F.);
#3412=ORIENTED_EDGE('',*,*,#3248,.F.);
#3413=ORIENTED_EDGE('',*,*,#3263,.F.);
#3414=ORIENTED_EDGE('',*,*,#3284,.F.);
#3415=ORIENTED_EDGE('',*,*,#3298,.F.);
#3416=ORIENTED_EDGE('',*,*,#3312,.F.);
#3417=ORIENTED_EDGE('',*,*,#3326,.F.);
#3418=ORIENTED_EDGE('',*,*,#3340,.F.);
#3419=ORIENTED_EDGE('',*,*,#3351,.F.);
#3421=ORIENTED_EDGE('',*,*,#3420,.F.);
#3423=ORIENTED_EDGE('',*,*,#3422,.F.);
#3424=EDGE_LOOP('',(#3373,#3375,#3377,#3379,#3381,#3383,#3385,#3387,#3389,#3391,
#3393,#3395,#3396,#3398,#3400,#3402,#3404,#3406,#3407,#3409,#3411,#3412,#3413,
#3414,#3415,#3416,#3417,#3418,#3419,#3421,#3423));
#3425=FACE_OUTER_BOUND('',#3424,.F.);
#3426=ADVANCED_FACE('',(#3425),#3371,.T.);
#3427=CARTESIAN_POINT('',(-1.099687364248E-1,1.325E-1,-3.5E-1));
#3428=DIRECTION('',(0.E0,-1.E0,0.E0));
#3429=DIRECTION('',(1.E0,0.E0,0.E0));
#3430=AXIS2_PLACEMENT_3D('',#3427,#3428,#3429);
#3431=PLANE('',#3430);
#3432=ORIENTED_EDGE('',*,*,#3154,.T.);
#3434=ORIENTED_EDGE('',*,*,#3433,.T.);
#3435=ORIENTED_EDGE('',*,*,#3372,.T.);
#3437=ORIENTED_EDGE('',*,*,#3436,.F.);
#3438=EDGE_LOOP('',(#3432,#3434,#3435,#3437));
#3439=FACE_OUTER_BOUND('',#3438,.F.);
#3440=ADVANCED_FACE('',(#3439),#3431,.T.);
#3441=CARTESIAN_POINT('',(-1.97E-1,1.5E-1,-3.5E-1));
#3442=DIRECTION('',(0.E0,0.E0,1.E0));
#3443=DIRECTION('',(1.E0,0.E0,0.E0));
#3444=AXIS2_PLACEMENT_3D('',#3441,#3442,#3443);
#3445=CYLINDRICAL_SURFACE('',#3444,6.25E-2);
#3446=ORIENTED_EDGE('',*,*,#3152,.F.);
#3448=ORIENTED_EDGE('',*,*,#3447,.T.);
#3449=ORIENTED_EDGE('',*,*,#3374,.T.);
#3450=ORIENTED_EDGE('',*,*,#3433,.F.);
#3451=EDGE_LOOP('',(#3446,#3448,#3449,#3450));
#3452=FACE_OUTER_BOUND('',#3451,.F.);
#3453=ADVANCED_FACE('',(#3452),#3445,.T.);
#3454=CARTESIAN_POINT('',(-1.62E-1,4.571673192693E-2,-3.5E-1));
#3455=DIRECTION('',(1.E0,0.E0,0.E0));
#3456=DIRECTION('',(0.E0,1.E0,0.E0));
#3457=AXIS2_PLACEMENT_3D('',#3454,#3455,#3456);
#3458=PLANE('',#3457);
#3459=ORIENTED_EDGE('',*,*,#3150,.F.);
#3461=ORIENTED_EDGE('',*,*,#3460,.T.);
#3462=ORIENTED_EDGE('',*,*,#3376,.T.);
#3463=ORIENTED_EDGE('',*,*,#3447,.F.);
#3464=EDGE_LOOP('',(#3459,#3461,#3462,#3463));
#3465=FACE_OUTER_BOUND('',#3464,.F.);
#3466=ADVANCED_FACE('',(#3465),#3458,.T.);
#3467=CARTESIAN_POINT('',(-1.97E-1,1.5E-1,0.E0));
#3468=DIRECTION('',(0.E0,0.E0,1.E0));
#3469=DIRECTION('',(1.E0,0.E0,0.E0));
#3470=AXIS2_PLACEMENT_3D('',#3467,#3468,#3469);
#3471=CYLINDRICAL_SURFACE('',#3470,1.1E-1);
#3472=ORIENTED_EDGE('',*,*,#3378,.T.);
#3473=ORIENTED_EDGE('',*,*,#3460,.F.);
#3474=ORIENTED_EDGE('',*,*,#3164,.T.);
#3476=ORIENTED_EDGE('',*,*,#3475,.T.);
#3478=ORIENTED_EDGE('',*,*,#3477,.T.);
#3480=ORIENTED_EDGE('',*,*,#3479,.F.);
#3481=ORIENTED_EDGE('',*,*,#3136,.T.);
#3483=ORIENTED_EDGE('',*,*,#3482,.T.);
#3484=EDGE_LOOP('',(#3472,#3473,#3474,#3476,#3478,#3480,#3481,#3483));
#3485=FACE_OUTER_BOUND('',#3484,.F.);
#3486=ADVANCED_FACE('',(#3485),#3471,.F.);
#3487=CARTESIAN_POINT('',(-3.07E-1,6.E-2,0.E0));
#3488=DIRECTION('',(0.E0,-1.E0,0.E0));
#3489=DIRECTION('',(1.E0,0.E0,0.E0));
#3490=AXIS2_PLACEMENT_3D('',#3487,#3488,#3489);
#3491=PLANE('',#3490);
#3492=ORIENTED_EDGE('',*,*,#3267,.F.);
#3493=ORIENTED_EDGE('',*,*,#3094,.T.);
#3494=ORIENTED_EDGE('',*,*,#3077,.F.);
#3496=ORIENTED_EDGE('',*,*,#3495,.T.);
#3497=EDGE_LOOP('',(#3492,#3493,#3494,#3496));
#3498=FACE_OUTER_BOUND('',#3497,.F.);
#3499=ADVANCED_FACE('',(#3498),#3491,.F.);
#3500=CARTESIAN_POINT('',(-3.07E-1,6.E-2,0.E0));
#3501=DIRECTION('',(0.E0,-1.E0,0.E0));
#3502=DIRECTION('',(1.E0,0.E0,0.E0));
#3503=AXIS2_PLACEMENT_3D('',#3500,#3501,#3502);
#3504=PLANE('',#3503);
#3505=ORIENTED_EDGE('',*,*,#3355,.F.);
#3506=ORIENTED_EDGE('',*,*,#3118,.T.);
#3507=ORIENTED_EDGE('',*,*,#3271,.T.);
#3509=ORIENTED_EDGE('',*,*,#3508,.T.);
#3510=EDGE_LOOP('',(#3505,#3506,#3507,#3509));
#3511=FACE_OUTER_BOUND('',#3510,.F.);
#3512=ADVANCED_FACE('',(#3511),#3504,.F.);
#3513=CARTESIAN_POINT('',(-3.07E-1,6.E-2,0.E0));
#3514=DIRECTION('',(0.E0,-1.E0,0.E0));
#3515=DIRECTION('',(1.E0,0.E0,0.E0));
#3516=AXIS2_PLACEMENT_3D('',#3513,#3514,#3515);
#3517=PLANE('',#3516);
#3518=ORIENTED_EDGE('',*,*,#3479,.T.);
#3520=ORIENTED_EDGE('',*,*,#3519,.T.);
#3522=ORIENTED_EDGE('',*,*,#3521,.T.);
#3523=ORIENTED_EDGE('',*,*,#3138,.T.);
#3524=EDGE_LOOP('',(#3518,#3520,#3522,#3523));
#3525=FACE_OUTER_BOUND('',#3524,.F.);
#3526=ADVANCED_FACE('',(#3525),#3517,.F.);
#3527=CARTESIAN_POINT('',(-3.07E-1,6.E-2,0.E0));
#3528=DIRECTION('',(0.E0,-1.E0,0.E0));
#3529=DIRECTION('',(1.E0,0.E0,0.E0));
#3530=AXIS2_PLACEMENT_3D('',#3527,#3528,#3529);
#3531=PLANE('',#3530);
#3532=ORIENTED_EDGE('',*,*,#3475,.F.);
#3533=ORIENTED_EDGE('',*,*,#3162,.T.);
#3534=ORIENTED_EDGE('',*,*,#3359,.T.);
#3536=ORIENTED_EDGE('',*,*,#3535,.T.);
#3537=EDGE_LOOP('',(#3532,#3533,#3534,#3536));
#3538=FACE_OUTER_BOUND('',#3537,.F.);
#3539=ADVANCED_FACE('',(#3538),#3531,.F.);
#3540=CARTESIAN_POINT('',(0.E0,5.5E-2,-2.5E-2));
#3541=DIRECTION('',(0.E0,9.805806756909E-1,1.961161351382E-1));
#3542=DIRECTION('',(-1.E0,0.E0,0.E0));
#3543=AXIS2_PLACEMENT_3D('',#3540,#3541,#3542);
#3544=PLANE('',#3543);
#3546=ORIENTED_EDGE('',*,*,#3545,.F.);
#3547=ORIENTED_EDGE('',*,*,#3495,.F.);
#3548=ORIENTED_EDGE('',*,*,#3055,.F.);
#3549=ORIENTED_EDGE('',*,*,#2947,.T.);
#3550=EDGE_LOOP('',(#3546,#3547,#3548,#3549));
#3551=FACE_OUTER_BOUND('',#3550,.F.);
#3552=ADVANCED_FACE('',(#3551),#3544,.T.);
#3553=CARTESIAN_POINT('',(0.E0,5.5E-2,-2.5E-2));
#3554=DIRECTION('',(0.E0,9.805806756909E-1,1.961161351382E-1));
#3555=DIRECTION('',(-1.E0,0.E0,0.E0));
#3556=AXIS2_PLACEMENT_3D('',#3553,#3554,#3555);
#3557=PLANE('',#3556);
#3559=ORIENTED_EDGE('',*,*,#3558,.F.);
#3560=ORIENTED_EDGE('',*,*,#3508,.F.);
#3562=ORIENTED_EDGE('',*,*,#3561,.F.);
#3563=ORIENTED_EDGE('',*,*,#2943,.T.);
#3564=EDGE_LOOP('',(#3559,#3560,#3562,#3563));
#3565=FACE_OUTER_BOUND('',#3564,.F.);
#3566=ADVANCED_FACE('',(#3565),#3557,.T.);
#3567=CARTESIAN_POINT('',(0.E0,5.5E-2,-2.5E-2));
#3568=DIRECTION('',(0.E0,9.805806756909E-1,1.961161351382E-1));
#3569=DIRECTION('',(-1.E0,0.E0,0.E0));
#3570=AXIS2_PLACEMENT_3D('',#3567,#3568,#3569);
#3571=PLANE('',#3570);
#3573=ORIENTED_EDGE('',*,*,#3572,.F.);
#3574=ORIENTED_EDGE('',*,*,#2935,.T.);
#3576=ORIENTED_EDGE('',*,*,#3575,.T.);
#3577=ORIENTED_EDGE('',*,*,#3519,.F.);
#3578=EDGE_LOOP('',(#3573,#3574,#3576,#3577));
#3579=FACE_OUTER_BOUND('',#3578,.F.);
#3580=ADVANCED_FACE('',(#3579),#3571,.T.);
#3581=CARTESIAN_POINT('',(0.E0,5.5E-2,-2.5E-2));
#3582=DIRECTION('',(0.E0,9.805806756909E-1,1.961161351382E-1));
#3583=DIRECTION('',(-1.E0,0.E0,0.E0));
#3584=AXIS2_PLACEMENT_3D('',#3581,#3582,#3583);
#3585=PLANE('',#3584);
#3587=ORIENTED_EDGE('',*,*,#3586,.F.);
#3588=ORIENTED_EDGE('',*,*,#3535,.F.);
#3590=ORIENTED_EDGE('',*,*,#3589,.F.);
#3591=ORIENTED_EDGE('',*,*,#2939,.T.);
#3592=EDGE_LOOP('',(#3587,#3588,#3590,#3591));
#3593=FACE_OUTER_BOUND('',#3592,.F.);
#3594=ADVANCED_FACE('',(#3593),#3585,.T.);
#3595=CARTESIAN_POINT('',(1.97E-1,1.5E-1,-2.499997702819E-2));
#3596=DIRECTION('',(0.E0,0.E0,1.E0));
#3597=DIRECTION('',(0.E0,-1.E0,0.E0));
#3598=AXIS2_PLACEMENT_3D('',#3595,#3596,#3597);
#3599=CONICAL_SURFACE('',#3598,1.149998851408E-1,1.130992102890E1);
#3600=ORIENTED_EDGE('',*,*,#3561,.T.);
#3601=ORIENTED_EDGE('',*,*,#3269,.F.);
#3602=ORIENTED_EDGE('',*,*,#3545,.T.);
#3603=ORIENTED_EDGE('',*,*,#2945,.T.);
#3604=EDGE_LOOP('',(#3600,#3601,#3602,#3603));
#3605=FACE_OUTER_BOUND('',#3604,.F.);
#3606=ADVANCED_FACE('',(#3605),#3599,.F.);
#3607=CARTESIAN_POINT('',(0.E0,1.5E-1,-2.499997702819E-2));
#3608=DIRECTION('',(0.E0,0.E0,1.E0));
#3609=DIRECTION('',(0.E0,-1.E0,0.E0));
#3610=AXIS2_PLACEMENT_3D('',#3607,#3608,#3609);
#3611=CONICAL_SURFACE('',#3610,1.149998851408E-1,1.130992102890E1);
#3612=ORIENTED_EDGE('',*,*,#3589,.T.);
#3613=ORIENTED_EDGE('',*,*,#3357,.F.);
#3614=ORIENTED_EDGE('',*,*,#3558,.T.);
#3615=ORIENTED_EDGE('',*,*,#2941,.T.);
#3616=EDGE_LOOP('',(#3612,#3613,#3614,#3615));
#3617=FACE_OUTER_BOUND('',#3616,.F.);
#3618=ADVANCED_FACE('',(#3617),#3611,.F.);
#3619=CARTESIAN_POINT('',(-1.97E-1,1.5E-1,-2.499997702819E-2));
#3620=DIRECTION('',(0.E0,0.E0,1.E0));
#3621=DIRECTION('',(0.E0,-1.E0,0.E0));
#3622=AXIS2_PLACEMENT_3D('',#3619,#3620,#3621);
#3623=CONICAL_SURFACE('',#3622,1.149998851408E-1,1.130992102890E1);
#3624=ORIENTED_EDGE('',*,*,#3572,.T.);
#3625=ORIENTED_EDGE('',*,*,#3477,.F.);
#3626=ORIENTED_EDGE('',*,*,#3586,.T.);
#3627=ORIENTED_EDGE('',*,*,#2937,.T.);
#3628=EDGE_LOOP('',(#3624,#3625,#3626,#3627));
#3629=FACE_OUTER_BOUND('',#3628,.F.);
#3630=ADVANCED_FACE('',(#3629),#3623,.F.);
#3631=CARTESIAN_POINT('',(-3.12E-1,1.65E-1,-2.5E-2));
#3632=DIRECTION('',(9.805806756909E-1,0.E0,1.961161351382E-1));
#3633=DIRECTION('',(0.E0,-1.E0,0.E0));
#3634=AXIS2_PLACEMENT_3D('',#3631,#3632,#3633);
#3635=PLANE('',#3634);
#3636=ORIENTED_EDGE('',*,*,#2933,.T.);
#3637=ORIENTED_EDGE('',*,*,#3026,.T.);
#3639=ORIENTED_EDGE('',*,*,#3638,.F.);
#3640=ORIENTED_EDGE('',*,*,#3575,.F.);
#3641=EDGE_LOOP('',(#3636,#3637,#3639,#3640));
#3642=FACE_OUTER_BOUND('',#3641,.F.);
#3643=ADVANCED_FACE('',(#3642),#3635,.T.);
#3644=CARTESIAN_POINT('',(-3.07E-1,2.7E-1,0.E0));
#3645=DIRECTION('',(-1.E0,0.E0,0.E0));
#3646=DIRECTION('',(0.E0,-1.E0,0.E0));
#3647=AXIS2_PLACEMENT_3D('',#3644,#3645,#3646);
#3648=PLANE('',#3647);
#3649=ORIENTED_EDGE('',*,*,#3386,.F.);
#3651=ORIENTED_EDGE('',*,*,#3650,.F.);
#3652=ORIENTED_EDGE('',*,*,#3140,.T.);
#3653=ORIENTED_EDGE('',*,*,#3521,.F.);
#3654=ORIENTED_EDGE('',*,*,#3638,.T.);
#3655=ORIENTED_EDGE('',*,*,#2787,.T.);
#3656=ORIENTED_EDGE('',*,*,#3213,.T.);
#3658=ORIENTED_EDGE('',*,*,#3657,.T.);
#3659=EDGE_LOOP('',(#3649,#3651,#3652,#3653,#3654,#3655,#3656,#3658));
#3660=FACE_OUTER_BOUND('',#3659,.F.);
#3661=ADVANCED_FACE('',(#3660),#3648,.F.);
#3662=CARTESIAN_POINT('',(-3.069687364248E-1,1.325E-1,-3.5E-1));
#3663=DIRECTION('',(0.E0,-1.E0,0.E0));
#3664=DIRECTION('',(1.E0,0.E0,0.E0));
#3665=AXIS2_PLACEMENT_3D('',#3662,#3663,#3664);
#3666=PLANE('',#3665);
#3667=ORIENTED_EDGE('',*,*,#3130,.F.);
#3668=ORIENTED_EDGE('',*,*,#3650,.T.);
#3669=ORIENTED_EDGE('',*,*,#3384,.T.);
#3671=ORIENTED_EDGE('',*,*,#3670,.F.);
#3672=EDGE_LOOP('',(#3667,#3668,#3669,#3671));
#3673=FACE_OUTER_BOUND('',#3672,.F.);
#3674=ADVANCED_FACE('',(#3673),#3666,.T.);
#3675=CARTESIAN_POINT('',(-1.97E-1,1.5E-1,-3.5E-1));
#3676=DIRECTION('',(0.E0,0.E0,1.E0));
#3677=DIRECTION('',(1.E0,0.E0,0.E0));
#3678=AXIS2_PLACEMENT_3D('',#3675,#3676,#3677);
#3679=CYLINDRICAL_SURFACE('',#3678,6.25E-2);
#3680=ORIENTED_EDGE('',*,*,#3132,.F.);
#3681=ORIENTED_EDGE('',*,*,#3670,.T.);
#3682=ORIENTED_EDGE('',*,*,#3382,.T.);
#3684=ORIENTED_EDGE('',*,*,#3683,.F.);
#3685=EDGE_LOOP('',(#3680,#3681,#3682,#3684));
#3686=FACE_OUTER_BOUND('',#3685,.F.);
#3687=ADVANCED_FACE('',(#3686),#3679,.T.);
#3688=CARTESIAN_POINT('',(-2.32E-1,9.821921205698E-2,-3.5E-1));
#3689=DIRECTION('',(-1.E0,0.E0,0.E0));
#3690=DIRECTION('',(0.E0,-1.E0,0.E0));
#3691=AXIS2_PLACEMENT_3D('',#3688,#3689,#3690);
#3692=PLANE('',#3691);
#3693=ORIENTED_EDGE('',*,*,#3134,.F.);
#3694=ORIENTED_EDGE('',*,*,#3683,.T.);
#3695=ORIENTED_EDGE('',*,*,#3380,.T.);
#3696=ORIENTED_EDGE('',*,*,#3482,.F.);
#3697=EDGE_LOOP('',(#3693,#3694,#3695,#3696));
#3698=FACE_OUTER_BOUND('',#3697,.F.);
#3699=ADVANCED_FACE('',(#3698),#3692,.T.);
#3700=CARTESIAN_POINT('',(-2.329687364248E-1,1.675E-1,-3.5E-1));
#3701=DIRECTION('',(0.E0,1.E0,0.E0));
#3702=DIRECTION('',(-1.E0,0.E0,0.E0));
#3703=AXIS2_PLACEMENT_3D('',#3700,#3701,#3702);
#3704=PLANE('',#3703);
#3706=ORIENTED_EDGE('',*,*,#3705,.F.);
#3708=ORIENTED_EDGE('',*,*,#3707,.T.);
#3709=ORIENTED_EDGE('',*,*,#3388,.T.);
#3710=ORIENTED_EDGE('',*,*,#3657,.F.);
#3711=ORIENTED_EDGE('',*,*,#3211,.F.);
#3713=ORIENTED_EDGE('',*,*,#3712,.T.);
#3714=EDGE_LOOP('',(#3706,#3708,#3709,#3710,#3711,#3713));
#3715=FACE_OUTER_BOUND('',#3714,.F.);
#3716=ADVANCED_FACE('',(#3715),#3704,.T.);
#3717=CARTESIAN_POINT('',(-3.345E-1,0.E0,-3.3E-1));
#3718=DIRECTION('',(0.E0,0.E0,1.E0));
#3719=DIRECTION('',(1.E0,0.E0,0.E0));
#3720=AXIS2_PLACEMENT_3D('',#3717,#3718,#3719);
#3721=PLANE('',#3720);
#3722=ORIENTED_EDGE('',*,*,#2781,.T.);
#3724=ORIENTED_EDGE('',*,*,#3723,.F.);
#3726=ORIENTED_EDGE('',*,*,#3725,.F.);
#3728=ORIENTED_EDGE('',*,*,#3727,.F.);
#3730=ORIENTED_EDGE('',*,*,#3729,.T.);
#3732=ORIENTED_EDGE('',*,*,#3731,.T.);
#3733=ORIENTED_EDGE('',*,*,#3705,.T.);
#3735=ORIENTED_EDGE('',*,*,#3734,.F.);
#3737=ORIENTED_EDGE('',*,*,#3736,.F.);
#3738=EDGE_LOOP('',(#3722,#3724,#3726,#3728,#3730,#3732,#3733,#3735,#3737));
#3739=FACE_OUTER_BOUND('',#3738,.F.);
#3740=ADVANCED_FACE('',(#3739),#3721,.T.);
#3741=CARTESIAN_POINT('',(-1.77E-1,2.08E-1,-3.5E-1));
#3742=DIRECTION('',(1.E0,0.E0,0.E0));
#3743=DIRECTION('',(0.E0,1.E0,0.E0));
#3744=AXIS2_PLACEMENT_3D('',#3741,#3742,#3743);
#3745=PLANE('',#3744);
#3746=ORIENTED_EDGE('',*,*,#3228,.T.);
#3748=ORIENTED_EDGE('',*,*,#3747,.T.);
#3749=ORIENTED_EDGE('',*,*,#3723,.T.);
#3750=ORIENTED_EDGE('',*,*,#2779,.F.);
#3751=EDGE_LOOP('',(#3746,#3748,#3749,#3750));
#3752=FACE_OUTER_BOUND('',#3751,.F.);
#3753=ADVANCED_FACE('',(#3752),#3745,.T.);
#3754=CARTESIAN_POINT('',(-1.97E-1,1.5E-1,-3.5E-1));
#3755=DIRECTION('',(0.E0,0.E0,1.E0));
#3756=DIRECTION('',(1.E0,0.E0,0.E0));
#3757=AXIS2_PLACEMENT_3D('',#3754,#3755,#3756);
#3758=CYLINDRICAL_SURFACE('',#3757,6.135144660071E-2);
#3759=ORIENTED_EDGE('',*,*,#3226,.F.);
#3761=ORIENTED_EDGE('',*,*,#3760,.T.);
#3762=ORIENTED_EDGE('',*,*,#3725,.T.);
#3763=ORIENTED_EDGE('',*,*,#3747,.F.);
#3764=EDGE_LOOP('',(#3759,#3761,#3762,#3763));
#3765=FACE_OUTER_BOUND('',#3764,.F.);
#3766=ADVANCED_FACE('',(#3765),#3758,.T.);
#3767=CARTESIAN_POINT('',(-3.596873642485E-2,1.675E-1,-3.5E-1));
#3768=DIRECTION('',(0.E0,1.E0,0.E0));
#3769=DIRECTION('',(-1.E0,0.E0,0.E0));
#3770=AXIS2_PLACEMENT_3D('',#3767,#3768,#3769);
#3771=PLANE('',#3770);
#3772=ORIENTED_EDGE('',*,*,#3727,.T.);
#3773=ORIENTED_EDGE('',*,*,#3760,.F.);
#3774=ORIENTED_EDGE('',*,*,#3235,.T.);
#3776=ORIENTED_EDGE('',*,*,#3775,.T.);
#3777=ORIENTED_EDGE('',*,*,#2734,.F.);
#3778=ORIENTED_EDGE('',*,*,#2713,.T.);
#3779=ORIENTED_EDGE('',*,*,#3394,.T.);
#3781=ORIENTED_EDGE('',*,*,#3780,.F.);
#3782=EDGE_LOOP('',(#3772,#3773,#3774,#3776,#3777,#3778,#3779,#3781));
#3783=FACE_OUTER_BOUND('',#3782,.F.);
#3784=ADVANCED_FACE('',(#3783),#3771,.T.);
#3785=CARTESIAN_POINT('',(0.E0,1.5E-1,-3.5E-1));
#3786=DIRECTION('',(0.E0,0.E0,1.E0));
#3787=DIRECTION('',(1.E0,0.E0,0.E0));
#3788=AXIS2_PLACEMENT_3D('',#3785,#3786,#3787);
#3789=CYLINDRICAL_SURFACE('',#3788,6.135144660071E-2);
#3790=ORIENTED_EDGE('',*,*,#3233,.F.);
#3792=ORIENTED_EDGE('',*,*,#3791,.T.);
#3793=ORIENTED_EDGE('',*,*,#2736,.T.);
#3794=ORIENTED_EDGE('',*,*,#3775,.F.);
#3795=EDGE_LOOP('',(#3790,#3792,#3793,#3794));
#3796=FACE_OUTER_BOUND('',#3795,.F.);
#3797=ADVANCED_FACE('',(#3796),#3789,.T.);
#3798=CARTESIAN_POINT('',(-2.E-2,2.7E-1,-3.5E-1));
#3799=DIRECTION('',(-1.E0,0.E0,0.E0));
#3800=DIRECTION('',(0.E0,-1.E0,0.E0));
#3801=AXIS2_PLACEMENT_3D('',#3798,#3799,#3800);
#3802=PLANE('',#3801);
#3803=ORIENTED_EDGE('',*,*,#3231,.F.);
#3804=ORIENTED_EDGE('',*,*,#2775,.T.);
#3805=ORIENTED_EDGE('',*,*,#2738,.T.);
#3806=ORIENTED_EDGE('',*,*,#3791,.F.);
#3807=EDGE_LOOP('',(#3803,#3804,#3805,#3806));
#3808=FACE_OUTER_BOUND('',#3807,.F.);
#3809=ADVANCED_FACE('',(#3808),#3802,.T.);
#3810=CARTESIAN_POINT('',(-1.97E-1,1.5E-1,-3.53E-1));
#3811=DIRECTION('',(0.E0,0.E0,1.E0));
#3812=DIRECTION('',(0.E0,1.E0,0.E0));
#3813=AXIS2_PLACEMENT_3D('',#3810,#3811,#3812);
#3814=CYLINDRICAL_SURFACE('',#3813,4.E-2);
#3815=ORIENTED_EDGE('',*,*,#3729,.F.);
#3816=ORIENTED_EDGE('',*,*,#3780,.T.);
#3817=ORIENTED_EDGE('',*,*,#3392,.F.);
#3819=ORIENTED_EDGE('',*,*,#3818,.F.);
#3821=ORIENTED_EDGE('',*,*,#3820,.T.);
#3823=ORIENTED_EDGE('',*,*,#3822,.T.);
#3824=EDGE_LOOP('',(#3815,#3816,#3817,#3819,#3821,#3823));
#3825=FACE_OUTER_BOUND('',#3824,.F.);
#3826=ADVANCED_FACE('',(#3825),#3814,.T.);
#3827=CARTESIAN_POINT('',(-1.97E-1,1.5E-1,-3.53E-1));
#3828=DIRECTION('',(0.E0,0.E0,1.E0));
#3829=DIRECTION('',(0.E0,1.E0,0.E0));
#3830=AXIS2_PLACEMENT_3D('',#3827,#3828,#3829);
#3831=CYLINDRICAL_SURFACE('',#3830,4.E-2);
#3832=ORIENTED_EDGE('',*,*,#3731,.F.);
#3833=ORIENTED_EDGE('',*,*,#3822,.F.);
#3835=ORIENTED_EDGE('',*,*,#3834,.F.);
#3836=ORIENTED_EDGE('',*,*,#3818,.T.);
#3837=ORIENTED_EDGE('',*,*,#3390,.F.);
#3838=ORIENTED_EDGE('',*,*,#3707,.F.);
#3839=EDGE_LOOP('',(#3832,#3833,#3835,#3836,#3837,#3838));
#3840=FACE_OUTER_BOUND('',#3839,.F.);
#3841=ADVANCED_FACE('',(#3840),#3831,.T.);
#3842=CARTESIAN_POINT('',(-1.97E-1,1.5E-1,-2.9E-1));
#3843=DIRECTION('',(0.E0,0.E0,1.E0));
#3844=DIRECTION('',(0.E0,1.E0,0.E0));
#3845=AXIS2_PLACEMENT_3D('',#3842,#3843,#3844);
#3846=PLANE('',#3845);
#3847=ORIENTED_EDGE('',*,*,#3834,.T.);
#3848=ORIENTED_EDGE('',*,*,#3820,.F.);
#3849=EDGE_LOOP('',(#3847,#3848));
#3850=FACE_OUTER_BOUND('',#3849,.F.);
#3852=ORIENTED_EDGE('',*,*,#3851,.F.);
#3854=ORIENTED_EDGE('',*,*,#3853,.T.);
#3856=ORIENTED_EDGE('',*,*,#3855,.T.);
#3858=ORIENTED_EDGE('',*,*,#3857,.F.);
#3859=EDGE_LOOP('',(#3852,#3854,#3856,#3858));
#3860=FACE_BOUND('',#3859,.F.);
#3861=ADVANCED_FACE('',(#3850,#3860),#3846,.T.);
#3862=CARTESIAN_POINT('',(-2.165E-1,0.E0,0.E0));
#3863=DIRECTION('',(1.E0,0.E0,0.E0));
#3864=DIRECTION('',(0.E0,0.E0,-1.E0));
#3865=AXIS2_PLACEMENT_3D('',#3862,#3863,#3864);
#3866=PLANE('',#3865);
#3868=ORIENTED_EDGE('',*,*,#3867,.F.);
#3870=ORIENTED_EDGE('',*,*,#3869,.T.);
#3871=ORIENTED_EDGE('',*,*,#3851,.T.);
#3873=ORIENTED_EDGE('',*,*,#3872,.T.);
#3874=EDGE_LOOP('',(#3868,#3870,#3871,#3873));
#3875=FACE_OUTER_BOUND('',#3874,.F.);
#3876=ADVANCED_FACE('',(#3875),#3866,.F.);
#3877=CARTESIAN_POINT('',(-2.165E-1,0.E0,0.E0));
#3878=DIRECTION('',(1.E0,0.E0,0.E0));
#3879=DIRECTION('',(0.E0,0.E0,-1.E0));
#3880=AXIS2_PLACEMENT_3D('',#3877,#3878,#3879);
#3881=PLANE('',#3880);
#3883=ORIENTED_EDGE('',*,*,#3882,.F.);
#3885=ORIENTED_EDGE('',*,*,#3884,.T.);
#3887=ORIENTED_EDGE('',*,*,#3886,.F.);
#3889=ORIENTED_EDGE('',*,*,#3888,.T.);
#3890=EDGE_LOOP('',(#3883,#3885,#3887,#3889));
#3891=FACE_OUTER_BOUND('',#3890,.F.);
#3892=ADVANCED_FACE('',(#3891),#3881,.F.);
#3893=CARTESIAN_POINT('',(-2.115E-1,1.5E-1,-6.5E-2));
#3894=DIRECTION('',(-9.486832980505E-1,0.E0,3.162277660168E-1));
#3895=DIRECTION('',(0.E0,-1.E0,0.E0));
#3896=AXIS2_PLACEMENT_3D('',#3893,#3894,#3895);
#3897=PLANE('',#3896);
#3898=ORIENTED_EDGE('',*,*,#3867,.T.);
#3900=ORIENTED_EDGE('',*,*,#3899,.F.);
#3902=ORIENTED_EDGE('',*,*,#3901,.F.);
#3904=ORIENTED_EDGE('',*,*,#3903,.F.);
#3905=EDGE_LOOP('',(#3898,#3900,#3902,#3904));
#3906=FACE_OUTER_BOUND('',#3905,.F.);
#3907=ADVANCED_FACE('',(#3906),#3897,.T.);
#3908=CARTESIAN_POINT('',(-1.97E-1,1.645E-1,-6.5E-2));
#3909=DIRECTION('',(0.E0,9.486832980505E-1,3.162277660168E-1));
#3910=DIRECTION('',(-1.E0,0.E0,0.E0));
#3911=AXIS2_PLACEMENT_3D('',#3908,#3909,#3910);
#3912=PLANE('',#3911);
#3914=ORIENTED_EDGE('',*,*,#3913,.F.);
#3916=ORIENTED_EDGE('',*,*,#3915,.T.);
#3918=ORIENTED_EDGE('',*,*,#3917,.T.);
#3919=ORIENTED_EDGE('',*,*,#3899,.T.);
#3920=EDGE_LOOP('',(#3914,#3916,#3918,#3919));
#3921=FACE_OUTER_BOUND('',#3920,.F.);
#3922=ADVANCED_FACE('',(#3921),#3912,.T.);
#3923=CARTESIAN_POINT('',(-2.165E-1,1.695E-1,-3.505E-1));
#3924=DIRECTION('',(0.E0,1.E0,0.E0));
#3925=DIRECTION('',(0.E0,0.E0,1.E0));
#3926=AXIS2_PLACEMENT_3D('',#3923,#3924,#3925);
#3927=PLANE('',#3926);
#3928=ORIENTED_EDGE('',*,*,#3913,.T.);
#3929=ORIENTED_EDGE('',*,*,#3872,.F.);
#3930=ORIENTED_EDGE('',*,*,#3857,.T.);
#3932=ORIENTED_EDGE('',*,*,#3931,.T.);
#3933=EDGE_LOOP('',(#3928,#3929,#3930,#3932));
#3934=FACE_OUTER_BOUND('',#3933,.F.);
#3935=ADVANCED_FACE('',(#3934),#3927,.T.);
#3936=CARTESIAN_POINT('',(-1.775E-1,0.E0,0.E0));
#3937=DIRECTION('',(1.E0,0.E0,0.E0));
#3938=DIRECTION('',(0.E0,0.E0,-1.E0));
#3939=AXIS2_PLACEMENT_3D('',#3936,#3937,#3938);
#3940=PLANE('',#3939);
#3942=ORIENTED_EDGE('',*,*,#3941,.F.);
#3943=ORIENTED_EDGE('',*,*,#3931,.F.);
#3944=ORIENTED_EDGE('',*,*,#3855,.F.);
#3946=ORIENTED_EDGE('',*,*,#3945,.F.);
#3947=EDGE_LOOP('',(#3942,#3943,#3944,#3946));
#3948=FACE_OUTER_BOUND('',#3947,.F.);
#3949=ADVANCED_FACE('',(#3948),#3940,.T.);
#3950=CARTESIAN_POINT('',(-1.775E-1,0.E0,0.E0));
#3951=DIRECTION('',(1.E0,0.E0,0.E0));
#3952=DIRECTION('',(0.E0,0.E0,-1.E0));
#3953=AXIS2_PLACEMENT_3D('',#3950,#3951,#3952);
#3954=PLANE('',#3953);
#3956=ORIENTED_EDGE('',*,*,#3955,.F.);
#3958=ORIENTED_EDGE('',*,*,#3957,.F.);
#3960=ORIENTED_EDGE('',*,*,#3959,.T.);
#3962=ORIENTED_EDGE('',*,*,#3961,.F.);
#3963=EDGE_LOOP('',(#3956,#3958,#3960,#3962));
#3964=FACE_OUTER_BOUND('',#3963,.F.);
#3965=ADVANCED_FACE('',(#3964),#3954,.T.);
#3966=CARTESIAN_POINT('',(-1.825E-1,1.5E-1,-6.5E-2));
#3967=DIRECTION('',(9.486832980505E-1,0.E0,3.162277660168E-1));
#3968=DIRECTION('',(0.E0,-1.E0,0.E0));
#3969=AXIS2_PLACEMENT_3D('',#3966,#3967,#3968);
#3970=PLANE('',#3969);
#3972=ORIENTED_EDGE('',*,*,#3971,.F.);
#3973=ORIENTED_EDGE('',*,*,#3915,.F.);
#3974=ORIENTED_EDGE('',*,*,#3941,.T.);
#3976=ORIENTED_EDGE('',*,*,#3975,.F.);
#3977=EDGE_LOOP('',(#3972,#3973,#3974,#3976));
#3978=FACE_OUTER_BOUND('',#3977,.F.);
#3979=ADVANCED_FACE('',(#3978),#3970,.T.);
#3980=CARTESIAN_POINT('',(-2.165E-1,1.695E-1,-5.E-2));
#3981=DIRECTION('',(0.E0,0.E0,1.E0));
#3982=DIRECTION('',(0.E0,-1.E0,0.E0));
#3983=AXIS2_PLACEMENT_3D('',#3980,#3981,#3982);
#3984=PLANE('',#3983);
#3985=ORIENTED_EDGE('',*,*,#3901,.T.);
#3986=ORIENTED_EDGE('',*,*,#3917,.F.);
#3987=ORIENTED_EDGE('',*,*,#3971,.T.);
#3989=ORIENTED_EDGE('',*,*,#3988,.T.);
#3990=EDGE_LOOP('',(#3985,#3986,#3987,#3989));
#3991=FACE_OUTER_BOUND('',#3990,.F.);
#3992=ADVANCED_FACE('',(#3991),#3984,.T.);
#3993=CARTESIAN_POINT('',(-1.97E-1,1.355E-1,-6.5E-2));
#3994=DIRECTION('',(0.E0,-9.486832980505E-1,3.162277660168E-1));
#3995=DIRECTION('',(-1.E0,0.E0,0.E0));
#3996=AXIS2_PLACEMENT_3D('',#3993,#3994,#3995);
#3997=PLANE('',#3996);
#3998=ORIENTED_EDGE('',*,*,#3988,.F.);
#3999=ORIENTED_EDGE('',*,*,#3975,.T.);
#4001=ORIENTED_EDGE('',*,*,#4000,.T.);
#4002=ORIENTED_EDGE('',*,*,#3903,.T.);
#4003=EDGE_LOOP('',(#3998,#3999,#4001,#4002));
#4004=FACE_OUTER_BOUND('',#4003,.F.);
#4005=ADVANCED_FACE('',(#4004),#3997,.T.);
#4006=CARTESIAN_POINT('',(-2.165E-1,1.305E-1,-5.E-2));
#4007=DIRECTION('',(0.E0,-1.E0,0.E0));
#4008=DIRECTION('',(0.E0,0.E0,-1.E0));
#4009=AXIS2_PLACEMENT_3D('',#4006,#4007,#4008);
#4010=PLANE('',#4009);
#4011=ORIENTED_EDGE('',*,*,#4000,.F.);
#4012=ORIENTED_EDGE('',*,*,#3945,.T.);
#4013=ORIENTED_EDGE('',*,*,#3853,.F.);
#4014=ORIENTED_EDGE('',*,*,#3869,.F.);
#4015=EDGE_LOOP('',(#4011,#4012,#4013,#4014));
#4016=FACE_OUTER_BOUND('',#4015,.F.);
#4017=ADVANCED_FACE('',(#4016),#4010,.T.);
#4018=CARTESIAN_POINT('',(-1.825E-1,-1.35E-1,-3.9E-1));
#4019=DIRECTION('',(9.486832980505E-1,-3.162277660168E-1,0.E0));
#4020=DIRECTION('',(0.E0,0.E0,-1.E0));
#4021=AXIS2_PLACEMENT_3D('',#4018,#4019,#4020);
#4022=PLANE('',#4021);
#4024=ORIENTED_EDGE('',*,*,#4023,.F.);
#4026=ORIENTED_EDGE('',*,*,#4025,.F.);
#4027=ORIENTED_EDGE('',*,*,#3955,.T.);
#4029=ORIENTED_EDGE('',*,*,#4028,.F.);
#4030=EDGE_LOOP('',(#4024,#4026,#4027,#4029));
#4031=FACE_OUTER_BOUND('',#4030,.F.);
#4032=ADVANCED_FACE('',(#4031),#4022,.T.);
#4033=CARTESIAN_POINT('',(-2.165E-1,-1.5E-1,-3.705E-1));
#4034=DIRECTION('',(0.E0,-1.E0,0.E0));
#4035=DIRECTION('',(0.E0,0.E0,-1.E0));
#4036=AXIS2_PLACEMENT_3D('',#4033,#4034,#4035);
#4037=PLANE('',#4036);
#4039=ORIENTED_EDGE('',*,*,#4038,.T.);
#4041=ORIENTED_EDGE('',*,*,#4040,.F.);
#4042=ORIENTED_EDGE('',*,*,#4023,.T.);
#4044=ORIENTED_EDGE('',*,*,#4043,.T.);
#4045=EDGE_LOOP('',(#4039,#4041,#4042,#4044));
#4046=FACE_OUTER_BOUND('',#4045,.F.);
#4047=ADVANCED_FACE('',(#4046),#4037,.T.);
#4048=CARTESIAN_POINT('',(-2.115E-1,-1.35E-1,-3.9E-1));
#4049=DIRECTION('',(-9.486832980505E-1,-3.162277660168E-1,0.E0));
#4050=DIRECTION('',(0.E0,0.E0,-1.E0));
#4051=AXIS2_PLACEMENT_3D('',#4048,#4049,#4050);
#4052=PLANE('',#4051);
#4053=ORIENTED_EDGE('',*,*,#3882,.T.);
#4055=ORIENTED_EDGE('',*,*,#4054,.T.);
#4056=ORIENTED_EDGE('',*,*,#4038,.F.);
#4058=ORIENTED_EDGE('',*,*,#4057,.F.);
#4059=EDGE_LOOP('',(#4053,#4055,#4056,#4058));
#4060=FACE_OUTER_BOUND('',#4059,.F.);
#4061=ADVANCED_FACE('',(#4060),#4052,.T.);
#4062=CARTESIAN_POINT('',(-1.97E-1,-1.35E-1,-3.755E-1));
#4063=DIRECTION('',(0.E0,-3.162277660168E-1,9.486832980505E-1));
#4064=DIRECTION('',(-1.E0,0.E0,0.E0));
#4065=AXIS2_PLACEMENT_3D('',#4062,#4063,#4064);
#4066=PLANE('',#4065);
#4068=ORIENTED_EDGE('',*,*,#4067,.F.);
#4069=ORIENTED_EDGE('',*,*,#4025,.T.);
#4070=ORIENTED_EDGE('',*,*,#4040,.T.);
#4071=ORIENTED_EDGE('',*,*,#4054,.F.);
#4072=EDGE_LOOP('',(#4068,#4069,#4070,#4071));
#4073=FACE_OUTER_BOUND('',#4072,.F.);
#4074=ADVANCED_FACE('',(#4073),#4066,.T.);
#4075=CARTESIAN_POINT('',(-2.165E-1,1.105E-1,-3.705E-1));
#4076=DIRECTION('',(0.E0,0.E0,1.E0));
#4077=DIRECTION('',(0.E0,-1.E0,0.E0));
#4078=AXIS2_PLACEMENT_3D('',#4075,#4076,#4077);
#4079=PLANE('',#4078);
#4080=ORIENTED_EDGE('',*,*,#4067,.T.);
#4081=ORIENTED_EDGE('',*,*,#3888,.F.);
#4083=ORIENTED_EDGE('',*,*,#4082,.T.);
#4084=ORIENTED_EDGE('',*,*,#3957,.T.);
#4085=EDGE_LOOP('',(#4080,#4081,#4083,#4084));
#4086=FACE_OUTER_BOUND('',#4085,.F.);
#4087=ADVANCED_FACE('',(#4086),#4079,.T.);
#4088=CARTESIAN_POINT('',(-1.47E-1,1.E-2,-4.6E-1));
#4089=DIRECTION('',(0.E0,1.E0,0.E0));
#4090=DIRECTION('',(0.E0,0.E0,1.E0));
#4091=AXIS2_PLACEMENT_3D('',#4088,#4089,#4090);
#4092=PLANE('',#4091);
#4093=ORIENTED_EDGE('',*,*,#2466,.F.);
#4095=ORIENTED_EDGE('',*,*,#4094,.T.);
#4097=ORIENTED_EDGE('',*,*,#4096,.T.);
#4099=ORIENTED_EDGE('',*,*,#4098,.F.);
#4100=EDGE_LOOP('',(#4093,#4095,#4097,#4099));
#4101=FACE_OUTER_BOUND('',#4100,.F.);
#4102=ORIENTED_EDGE('',*,*,#3886,.T.);
#4104=ORIENTED_EDGE('',*,*,#4103,.T.);
#4105=ORIENTED_EDGE('',*,*,#3959,.F.);
#4106=ORIENTED_EDGE('',*,*,#4082,.F.);
#4107=EDGE_LOOP('',(#4102,#4104,#4105,#4106));
#4108=FACE_BOUND('',#4107,.F.);
#4109=ADVANCED_FACE('',(#4101,#4108),#4092,.F.);
#4110=CARTESIAN_POINT('',(-1.47E-1,2.E-1,-4.6E-1));
#4111=DIRECTION('',(0.E0,0.E0,1.E0));
#4112=DIRECTION('',(0.E0,-1.E0,0.E0));
#4113=AXIS2_PLACEMENT_3D('',#4110,#4111,#4112);
#4114=PLANE('',#4113);
#4115=ORIENTED_EDGE('',*,*,#2464,.F.);
#4117=ORIENTED_EDGE('',*,*,#4116,.T.);
#4119=ORIENTED_EDGE('',*,*,#4118,.T.);
#4120=ORIENTED_EDGE('',*,*,#4094,.F.);
#4121=EDGE_LOOP('',(#4115,#4117,#4119,#4120));
#4122=FACE_OUTER_BOUND('',#4121,.F.);
#4123=ADVANCED_FACE('',(#4122),#4114,.F.);
#4124=CARTESIAN_POINT('',(-1.47E-1,2.E-1,-4.7E-1));
#4125=DIRECTION('',(0.E0,1.E0,0.E0));
#4126=DIRECTION('',(0.E0,0.E0,1.E0));
#4127=AXIS2_PLACEMENT_3D('',#4124,#4125,#4126);
#4128=PLANE('',#4127);
#4129=ORIENTED_EDGE('',*,*,#2502,.F.);
#4131=ORIENTED_EDGE('',*,*,#4130,.T.);
#4132=ORIENTED_EDGE('',*,*,#4116,.F.);
#4133=ORIENTED_EDGE('',*,*,#2462,.F.);
#4134=EDGE_LOOP('',(#4129,#4131,#4132,#4133));
#4135=FACE_OUTER_BOUND('',#4134,.F.);
#4136=ADVANCED_FACE('',(#4135),#4128,.F.);
#4137=CARTESIAN_POINT('',(-2.47E-1,0.E0,0.E0));
#4138=DIRECTION('',(1.E0,0.E0,0.E0));
#4139=DIRECTION('',(0.E0,0.E0,-1.E0));
#4140=AXIS2_PLACEMENT_3D('',#4137,#4138,#4139);
#4141=PLANE('',#4140);
#4142=ORIENTED_EDGE('',*,*,#2424,.T.);
#4144=ORIENTED_EDGE('',*,*,#4143,.F.);
#4145=ORIENTED_EDGE('',*,*,#4096,.F.);
#4146=ORIENTED_EDGE('',*,*,#4118,.F.);
#4147=ORIENTED_EDGE('',*,*,#4130,.F.);
#4148=ORIENTED_EDGE('',*,*,#2500,.F.);
#4149=EDGE_LOOP('',(#4142,#4144,#4145,#4146,#4147,#4148));
#4150=FACE_OUTER_BOUND('',#4149,.F.);
#4151=ADVANCED_FACE('',(#4150),#4141,.T.);
#4152=CARTESIAN_POINT('',(-1.47E-1,1.E-2,-3.5E-1));
#4153=DIRECTION('',(0.E0,7.071067811865E-1,7.071067811865E-1));
#4154=DIRECTION('',(0.E0,-7.071067811865E-1,7.071067811865E-1));
#4155=AXIS2_PLACEMENT_3D('',#4152,#4153,#4154);
#4156=PLANE('',#4155);
#4157=ORIENTED_EDGE('',*,*,#2422,.T.);
#4158=ORIENTED_EDGE('',*,*,#2468,.F.);
#4159=ORIENTED_EDGE('',*,*,#4098,.T.);
#4160=ORIENTED_EDGE('',*,*,#4143,.T.);
#4161=EDGE_LOOP('',(#4157,#4158,#4159,#4160));
#4162=FACE_OUTER_BOUND('',#4161,.F.);
#4163=ADVANCED_FACE('',(#4162),#4156,.F.);
#4164=CARTESIAN_POINT('',(-2.165E-1,-1.5E-1,-4.095E-1));
#4165=DIRECTION('',(0.E0,0.E0,-1.E0));
#4166=DIRECTION('',(0.E0,1.E0,0.E0));
#4167=AXIS2_PLACEMENT_3D('',#4164,#4165,#4166);
#4168=PLANE('',#4167);
#4170=ORIENTED_EDGE('',*,*,#4169,.F.);
#4171=ORIENTED_EDGE('',*,*,#3961,.T.);
#4172=ORIENTED_EDGE('',*,*,#4103,.F.);
#4173=ORIENTED_EDGE('',*,*,#3884,.F.);
#4174=EDGE_LOOP('',(#4170,#4171,#4172,#4173));
#4175=FACE_OUTER_BOUND('',#4174,.F.);
#4176=ADVANCED_FACE('',(#4175),#4168,.T.);
#4177=CARTESIAN_POINT('',(-1.97E-1,-1.35E-1,-4.045E-1));
#4178=DIRECTION('',(0.E0,-3.162277660168E-1,-9.486832980505E-1));
#4179=DIRECTION('',(-1.E0,0.E0,0.E0));
#4180=AXIS2_PLACEMENT_3D('',#4177,#4178,#4179);
#4181=PLANE('',#4180);
#4182=ORIENTED_EDGE('',*,*,#4043,.F.);
#4183=ORIENTED_EDGE('',*,*,#4028,.T.);
#4184=ORIENTED_EDGE('',*,*,#4169,.T.);
#4185=ORIENTED_EDGE('',*,*,#4057,.T.);
#4186=EDGE_LOOP('',(#4182,#4183,#4184,#4185));
#4187=FACE_OUTER_BOUND('',#4186,.F.);
#4188=ADVANCED_FACE('',(#4187),#4181,.T.);
#4189=CARTESIAN_POINT('',(-1.97E-1,1.5E-1,-3.5E-1));
#4190=DIRECTION('',(0.E0,0.E0,1.E0));
#4191=DIRECTION('',(1.E0,0.E0,0.E0));
#4192=AXIS2_PLACEMENT_3D('',#4189,#4190,#4191);
#4193=CYLINDRICAL_SURFACE('',#4192,6.135144660071E-2);
#4194=ORIENTED_EDGE('',*,*,#3209,.F.);
#4196=ORIENTED_EDGE('',*,*,#4195,.T.);
#4197=ORIENTED_EDGE('',*,*,#3734,.T.);
#4198=ORIENTED_EDGE('',*,*,#3712,.F.);
#4199=EDGE_LOOP('',(#4194,#4196,#4197,#4198));
#4200=FACE_OUTER_BOUND('',#4199,.F.);
#4201=ADVANCED_FACE('',(#4200),#4193,.T.);
#4202=CARTESIAN_POINT('',(-2.17E-1,2.7E-1,-3.5E-1));
#4203=DIRECTION('',(-1.E0,0.E0,0.E0));
#4204=DIRECTION('',(0.E0,-1.E0,0.E0));
#4205=AXIS2_PLACEMENT_3D('',#4202,#4203,#4204);
#4206=PLANE('',#4205);
#4207=ORIENTED_EDGE('',*,*,#3216,.F.);
#4208=ORIENTED_EDGE('',*,*,#2783,.T.);
#4209=ORIENTED_EDGE('',*,*,#3736,.T.);
#4210=ORIENTED_EDGE('',*,*,#4195,.F.);
#4211=EDGE_LOOP('',(#4207,#4208,#4209,#4210));
#4212=FACE_OUTER_BOUND('',#4211,.F.);
#4213=ADVANCED_FACE('',(#4212),#4206,.T.);
#4214=CARTESIAN_POINT('',(0.E0,1.5E-1,-3.5E-1));
#4215=DIRECTION('',(0.E0,0.E0,1.E0));
#4216=DIRECTION('',(1.E0,0.E0,0.E0));
#4217=AXIS2_PLACEMENT_3D('',#4214,#4215,#4216);
#4218=CYLINDRICAL_SURFACE('',#4217,6.25E-2);
#4219=ORIENTED_EDGE('',*,*,#3156,.F.);
#4220=ORIENTED_EDGE('',*,*,#3436,.T.);
#4221=ORIENTED_EDGE('',*,*,#3422,.T.);
#4223=ORIENTED_EDGE('',*,*,#4222,.F.);
#4224=EDGE_LOOP('',(#4219,#4220,#4221,#4223));
#4225=FACE_OUTER_BOUND('',#4224,.F.);
#4226=ADVANCED_FACE('',(#4225),#4218,.T.);
#4227=CARTESIAN_POINT('',(-3.5E-2,9.821921205698E-2,-3.5E-1));
#4228=DIRECTION('',(-1.E0,0.E0,0.E0));
#4229=DIRECTION('',(0.E0,-1.E0,0.E0));
#4230=AXIS2_PLACEMENT_3D('',#4227,#4228,#4229);
#4231=PLANE('',#4230);
#4232=ORIENTED_EDGE('',*,*,#3158,.F.);
#4233=ORIENTED_EDGE('',*,*,#4222,.T.);
#4234=ORIENTED_EDGE('',*,*,#3420,.T.);
#4235=ORIENTED_EDGE('',*,*,#3362,.F.);
#4236=EDGE_LOOP('',(#4232,#4233,#4234,#4235));
#4237=FACE_OUTER_BOUND('',#4236,.F.);
#4238=ADVANCED_FACE('',(#4237),#4231,.T.);
#4239=CARTESIAN_POINT('',(0.E0,1.5E-1,-3.53E-1));
#4240=DIRECTION('',(0.E0,0.E0,1.E0));
#4241=DIRECTION('',(0.E0,1.E0,0.E0));
#4242=AXIS2_PLACEMENT_3D('',#4239,#4240,#4241);
#4243=CYLINDRICAL_SURFACE('',#4242,4.E-2);
#4244=ORIENTED_EDGE('',*,*,#2731,.F.);
#4246=ORIENTED_EDGE('',*,*,#4245,.T.);
#4247=ORIENTED_EDGE('',*,*,#3397,.F.);
#4248=ORIENTED_EDGE('',*,*,#2709,.F.);
#4249=ORIENTED_EDGE('',*,*,#2686,.T.);
#4250=ORIENTED_EDGE('',*,*,#2706,.T.);
#4251=EDGE_LOOP('',(#4244,#4246,#4247,#4248,#4249,#4250));
#4252=FACE_OUTER_BOUND('',#4251,.F.);
#4253=ADVANCED_FACE('',(#4252),#4243,.T.);
#4254=CARTESIAN_POINT('',(1.610312635752E-1,1.675E-1,-3.5E-1));
#4255=DIRECTION('',(0.E0,1.E0,0.E0));
#4256=DIRECTION('',(-1.E0,0.E0,0.E0));
#4257=AXIS2_PLACEMENT_3D('',#4254,#4255,#4256);
#4258=PLANE('',#4257);
#4259=ORIENTED_EDGE('',*,*,#2729,.T.);
#4261=ORIENTED_EDGE('',*,*,#4260,.F.);
#4262=ORIENTED_EDGE('',*,*,#3199,.T.);
#4264=ORIENTED_EDGE('',*,*,#4263,.F.);
#4266=ORIENTED_EDGE('',*,*,#4265,.F.);
#4268=ORIENTED_EDGE('',*,*,#4267,.T.);
#4269=ORIENTED_EDGE('',*,*,#3399,.T.);
#4270=ORIENTED_EDGE('',*,*,#4245,.F.);
#4271=EDGE_LOOP('',(#4259,#4261,#4262,#4264,#4266,#4268,#4269,#4270));
#4272=FACE_OUTER_BOUND('',#4271,.F.);
#4273=ADVANCED_FACE('',(#4272),#4258,.T.);
#4274=CARTESIAN_POINT('',(0.E0,1.5E-1,-3.5E-1));
#4275=DIRECTION('',(0.E0,0.E0,1.E0));
#4276=DIRECTION('',(1.E0,0.E0,0.E0));
#4277=AXIS2_PLACEMENT_3D('',#4274,#4275,#4276);
#4278=CYLINDRICAL_SURFACE('',#4277,6.135144660071E-2);
#4279=ORIENTED_EDGE('',*,*,#3190,.F.);
#4280=ORIENTED_EDGE('',*,*,#4260,.T.);
#4281=ORIENTED_EDGE('',*,*,#2727,.T.);
#4283=ORIENTED_EDGE('',*,*,#4282,.F.);
#4284=EDGE_LOOP('',(#4279,#4280,#4281,#4283));
#4285=FACE_OUTER_BOUND('',#4284,.F.);
#4286=ADVANCED_FACE('',(#4285),#4278,.T.);
#4287=CARTESIAN_POINT('',(2.E-2,2.08E-1,-3.5E-1));
#4288=DIRECTION('',(1.E0,0.E0,0.E0));
#4289=DIRECTION('',(0.E0,1.E0,0.E0));
#4290=AXIS2_PLACEMENT_3D('',#4287,#4288,#4289);
#4291=PLANE('',#4290);
#4292=ORIENTED_EDGE('',*,*,#3192,.T.);
#4293=ORIENTED_EDGE('',*,*,#4282,.T.);
#4294=ORIENTED_EDGE('',*,*,#2725,.T.);
#4295=ORIENTED_EDGE('',*,*,#2772,.F.);
#4296=EDGE_LOOP('',(#4292,#4293,#4294,#4295));
#4297=FACE_OUTER_BOUND('',#4296,.F.);
#4298=ADVANCED_FACE('',(#4297),#4291,.T.);
#4299=CARTESIAN_POINT('',(1.97E-1,1.5E-1,-3.5E-1));
#4300=DIRECTION('',(0.E0,0.E0,1.E0));
#4301=DIRECTION('',(1.E0,0.E0,0.E0));
#4302=AXIS2_PLACEMENT_3D('',#4299,#4300,#4301);
#4303=CYLINDRICAL_SURFACE('',#4302,6.135144660071E-2);
#4304=ORIENTED_EDGE('',*,*,#3197,.F.);
#4306=ORIENTED_EDGE('',*,*,#4305,.T.);
#4308=ORIENTED_EDGE('',*,*,#4307,.T.);
#4309=ORIENTED_EDGE('',*,*,#4263,.T.);
#4310=EDGE_LOOP('',(#4304,#4306,#4308,#4309));
#4311=FACE_OUTER_BOUND('',#4310,.F.);
#4312=ADVANCED_FACE('',(#4311),#4303,.T.);
#4313=CARTESIAN_POINT('',(1.77E-1,2.7E-1,-3.5E-1));
#4314=DIRECTION('',(-1.E0,0.E0,0.E0));
#4315=DIRECTION('',(0.E0,-1.E0,0.E0));
#4316=AXIS2_PLACEMENT_3D('',#4313,#4314,#4315);
#4317=PLANE('',#4316);
#4318=ORIENTED_EDGE('',*,*,#3195,.F.);
#4319=ORIENTED_EDGE('',*,*,#2768,.T.);
#4321=ORIENTED_EDGE('',*,*,#4320,.T.);
#4322=ORIENTED_EDGE('',*,*,#4305,.F.);
#4323=EDGE_LOOP('',(#4318,#4319,#4321,#4322));
#4324=FACE_OUTER_BOUND('',#4323,.F.);
#4325=ADVANCED_FACE('',(#4324),#4317,.T.);
#4326=CARTESIAN_POINT('',(-3.345E-1,0.E0,-3.3E-1));
#4327=DIRECTION('',(0.E0,0.E0,1.E0));
#4328=DIRECTION('',(1.E0,0.E0,0.E0));
#4329=AXIS2_PLACEMENT_3D('',#4326,#4327,#4328);
#4330=PLANE('',#4329);
#4331=ORIENTED_EDGE('',*,*,#2766,.T.);
#4333=ORIENTED_EDGE('',*,*,#4332,.F.);
#4335=ORIENTED_EDGE('',*,*,#4334,.F.);
#4337=ORIENTED_EDGE('',*,*,#4336,.F.);
#4339=ORIENTED_EDGE('',*,*,#4338,.T.);
#4341=ORIENTED_EDGE('',*,*,#4340,.T.);
#4342=ORIENTED_EDGE('',*,*,#4265,.T.);
#4343=ORIENTED_EDGE('',*,*,#4307,.F.);
#4344=ORIENTED_EDGE('',*,*,#4320,.F.);
#4345=EDGE_LOOP('',(#4331,#4333,#4335,#4337,#4339,#4341,#4342,#4343,#4344));
#4346=FACE_OUTER_BOUND('',#4345,.F.);
#4347=ADVANCED_FACE('',(#4346),#4330,.T.);
#4348=CARTESIAN_POINT('',(2.17E-1,2.08E-1,-3.5E-1));
#4349=DIRECTION('',(1.E0,0.E0,0.E0));
#4350=DIRECTION('',(0.E0,1.E0,0.E0));
#4351=AXIS2_PLACEMENT_3D('',#4348,#4349,#4350);
#4352=PLANE('',#4351);
#4353=ORIENTED_EDGE('',*,*,#3176,.T.);
#4355=ORIENTED_EDGE('',*,*,#4354,.T.);
#4356=ORIENTED_EDGE('',*,*,#4332,.T.);
#4357=ORIENTED_EDGE('',*,*,#2764,.F.);
#4358=EDGE_LOOP('',(#4353,#4355,#4356,#4357));
#4359=FACE_OUTER_BOUND('',#4358,.F.);
#4360=ADVANCED_FACE('',(#4359),#4352,.T.);
#4361=CARTESIAN_POINT('',(1.97E-1,1.5E-1,-3.5E-1));
#4362=DIRECTION('',(0.E0,0.E0,1.E0));
#4363=DIRECTION('',(1.E0,0.E0,0.E0));
#4364=AXIS2_PLACEMENT_3D('',#4361,#4362,#4363);
#4365=CYLINDRICAL_SURFACE('',#4364,6.135144660071E-2);
#4366=ORIENTED_EDGE('',*,*,#3174,.F.);
#4368=ORIENTED_EDGE('',*,*,#4367,.F.);
#4369=ORIENTED_EDGE('',*,*,#4334,.T.);
#4370=ORIENTED_EDGE('',*,*,#4354,.F.);
#4371=EDGE_LOOP('',(#4366,#4368,#4369,#4370));
#4372=FACE_OUTER_BOUND('',#4371,.F.);
#4373=ADVANCED_FACE('',(#4372),#4365,.T.);
#4374=CARTESIAN_POINT('',(3.069687364248E-1,1.675E-1,-3.5E-1));
#4375=DIRECTION('',(0.E0,1.E0,0.E0));
#4376=DIRECTION('',(-1.E0,0.E0,0.E0));
#4377=AXIS2_PLACEMENT_3D('',#4374,#4375,#4376);
#4378=PLANE('',#4377);
#4379=ORIENTED_EDGE('',*,*,#4367,.T.);
#4380=ORIENTED_EDGE('',*,*,#3180,.F.);
#4381=ORIENTED_EDGE('',*,*,#3071,.T.);
#4382=ORIENTED_EDGE('',*,*,#3405,.T.);
#4384=ORIENTED_EDGE('',*,*,#4383,.F.);
#4385=ORIENTED_EDGE('',*,*,#4336,.T.);
#4386=EDGE_LOOP('',(#4379,#4380,#4381,#4382,#4384,#4385));
#4387=FACE_OUTER_BOUND('',#4386,.F.);
#4388=ADVANCED_FACE('',(#4387),#4378,.T.);
#4389=CARTESIAN_POINT('',(1.97E-1,1.5E-1,-3.53E-1));
#4390=DIRECTION('',(0.E0,0.E0,1.E0));
#4391=DIRECTION('',(0.E0,1.E0,0.E0));
#4392=AXIS2_PLACEMENT_3D('',#4389,#4390,#4391);
#4393=CYLINDRICAL_SURFACE('',#4392,4.E-2);
#4395=ORIENTED_EDGE('',*,*,#4394,.T.);
#4396=ORIENTED_EDGE('',*,*,#4338,.F.);
#4397=ORIENTED_EDGE('',*,*,#4383,.T.);
#4398=ORIENTED_EDGE('',*,*,#3403,.F.);
#4400=ORIENTED_EDGE('',*,*,#4399,.F.);
#4402=ORIENTED_EDGE('',*,*,#4401,.T.);
#4403=EDGE_LOOP('',(#4395,#4396,#4397,#4398,#4400,#4402));
#4404=FACE_OUTER_BOUND('',#4403,.F.);
#4405=ADVANCED_FACE('',(#4404),#4393,.T.);
#4406=CARTESIAN_POINT('',(1.97E-1,1.5E-1,-3.53E-1));
#4407=DIRECTION('',(0.E0,0.E0,1.E0));
#4408=DIRECTION('',(0.E0,1.E0,0.E0));
#4409=AXIS2_PLACEMENT_3D('',#4406,#4407,#4408);
#4410=CYLINDRICAL_SURFACE('',#4409,4.E-2);
#4411=ORIENTED_EDGE('',*,*,#4394,.F.);
#4413=ORIENTED_EDGE('',*,*,#4412,.F.);
#4414=ORIENTED_EDGE('',*,*,#4399,.T.);
#4415=ORIENTED_EDGE('',*,*,#3401,.F.);
#4416=ORIENTED_EDGE('',*,*,#4267,.F.);
#4417=ORIENTED_EDGE('',*,*,#4340,.F.);
#4418=EDGE_LOOP('',(#4411,#4413,#4414,#4415,#4416,#4417));
#4419=FACE_OUTER_BOUND('',#4418,.F.);
#4420=ADVANCED_FACE('',(#4419),#4410,.T.);
#4421=CARTESIAN_POINT('',(1.97E-1,1.5E-1,-2.9E-1));
#4422=DIRECTION('',(0.E0,0.E0,1.E0));
#4423=DIRECTION('',(0.E0,1.E0,0.E0));
#4424=AXIS2_PLACEMENT_3D('',#4421,#4422,#4423);
#4425=PLANE('',#4424);
#4426=ORIENTED_EDGE('',*,*,#4412,.T.);
#4427=ORIENTED_EDGE('',*,*,#4401,.F.);
#4428=EDGE_LOOP('',(#4426,#4427));
#4429=FACE_OUTER_BOUND('',#4428,.F.);
#4431=ORIENTED_EDGE('',*,*,#4430,.F.);
#4433=ORIENTED_EDGE('',*,*,#4432,.T.);
#4435=ORIENTED_EDGE('',*,*,#4434,.T.);
#4437=ORIENTED_EDGE('',*,*,#4436,.F.);
#4438=EDGE_LOOP('',(#4431,#4433,#4435,#4437));
#4439=FACE_BOUND('',#4438,.F.);
#4440=ADVANCED_FACE('',(#4429,#4439),#4425,.T.);
#4441=CARTESIAN_POINT('',(1.775E-1,0.E0,0.E0));
#4442=DIRECTION('',(1.E0,0.E0,0.E0));
#4443=DIRECTION('',(0.E0,0.E0,-1.E0));
#4444=AXIS2_PLACEMENT_3D('',#4441,#4442,#4443);
#4445=PLANE('',#4444);
#4447=ORIENTED_EDGE('',*,*,#4446,.F.);
#4449=ORIENTED_EDGE('',*,*,#4448,.T.);
#4450=ORIENTED_EDGE('',*,*,#4430,.T.);
#4452=ORIENTED_EDGE('',*,*,#4451,.T.);
#4453=EDGE_LOOP('',(#4447,#4449,#4450,#4452));
#4454=FACE_OUTER_BOUND('',#4453,.F.);
#4455=ADVANCED_FACE('',(#4454),#4445,.F.);
#4456=CARTESIAN_POINT('',(1.775E-1,0.E0,0.E0));
#4457=DIRECTION('',(1.E0,0.E0,0.E0));
#4458=DIRECTION('',(0.E0,0.E0,-1.E0));
#4459=AXIS2_PLACEMENT_3D('',#4456,#4457,#4458);
#4460=PLANE('',#4459);
#4462=ORIENTED_EDGE('',*,*,#4461,.F.);
#4464=ORIENTED_EDGE('',*,*,#4463,.T.);
#4466=ORIENTED_EDGE('',*,*,#4465,.F.);
#4468=ORIENTED_EDGE('',*,*,#4467,.T.);
#4469=EDGE_LOOP('',(#4462,#4464,#4466,#4468));
#4470=FACE_OUTER_BOUND('',#4469,.F.);
#4471=ADVANCED_FACE('',(#4470),#4460,.F.);
#4472=CARTESIAN_POINT('',(1.825E-1,1.5E-1,-6.5E-2));
#4473=DIRECTION('',(-9.486832980505E-1,0.E0,3.162277660168E-1));
#4474=DIRECTION('',(0.E0,-1.E0,0.E0));
#4475=AXIS2_PLACEMENT_3D('',#4472,#4473,#4474);
#4476=PLANE('',#4475);
#4477=ORIENTED_EDGE('',*,*,#4446,.T.);
#4479=ORIENTED_EDGE('',*,*,#4478,.F.);
#4481=ORIENTED_EDGE('',*,*,#4480,.F.);
#4483=ORIENTED_EDGE('',*,*,#4482,.F.);
#4484=EDGE_LOOP('',(#4477,#4479,#4481,#4483));
#4485=FACE_OUTER_BOUND('',#4484,.F.);
#4486=ADVANCED_FACE('',(#4485),#4476,.T.);
#4487=CARTESIAN_POINT('',(1.97E-1,1.645E-1,-6.5E-2));
#4488=DIRECTION('',(0.E0,9.486832980505E-1,3.162277660168E-1));
#4489=DIRECTION('',(-1.E0,0.E0,0.E0));
#4490=AXIS2_PLACEMENT_3D('',#4487,#4488,#4489);
#4491=PLANE('',#4490);
#4493=ORIENTED_EDGE('',*,*,#4492,.F.);
#4495=ORIENTED_EDGE('',*,*,#4494,.T.);
#4497=ORIENTED_EDGE('',*,*,#4496,.T.);
#4498=ORIENTED_EDGE('',*,*,#4478,.T.);
#4499=EDGE_LOOP('',(#4493,#4495,#4497,#4498));
#4500=FACE_OUTER_BOUND('',#4499,.F.);
#4501=ADVANCED_FACE('',(#4500),#4491,.T.);
#4502=CARTESIAN_POINT('',(1.775E-1,1.695E-1,-3.505E-1));
#4503=DIRECTION('',(0.E0,1.E0,0.E0));
#4504=DIRECTION('',(0.E0,0.E0,1.E0));
#4505=AXIS2_PLACEMENT_3D('',#4502,#4503,#4504);
#4506=PLANE('',#4505);
#4507=ORIENTED_EDGE('',*,*,#4492,.T.);
#4508=ORIENTED_EDGE('',*,*,#4451,.F.);
#4509=ORIENTED_EDGE('',*,*,#4436,.T.);
#4511=ORIENTED_EDGE('',*,*,#4510,.T.);
#4512=EDGE_LOOP('',(#4507,#4508,#4509,#4511));
#4513=FACE_OUTER_BOUND('',#4512,.F.);
#4514=ADVANCED_FACE('',(#4513),#4506,.T.);
#4515=CARTESIAN_POINT('',(2.165E-1,0.E0,0.E0));
#4516=DIRECTION('',(1.E0,0.E0,0.E0));
#4517=DIRECTION('',(0.E0,0.E0,-1.E0));
#4518=AXIS2_PLACEMENT_3D('',#4515,#4516,#4517);
#4519=PLANE('',#4518);
#4521=ORIENTED_EDGE('',*,*,#4520,.F.);
#4522=ORIENTED_EDGE('',*,*,#4510,.F.);
#4523=ORIENTED_EDGE('',*,*,#4434,.F.);
#4525=ORIENTED_EDGE('',*,*,#4524,.F.);
#4526=EDGE_LOOP('',(#4521,#4522,#4523,#4525));
#4527=FACE_OUTER_BOUND('',#4526,.F.);
#4528=ADVANCED_FACE('',(#4527),#4519,.T.);
#4529=CARTESIAN_POINT('',(2.165E-1,0.E0,0.E0));
#4530=DIRECTION('',(1.E0,0.E0,0.E0));
#4531=DIRECTION('',(0.E0,0.E0,-1.E0));
#4532=AXIS2_PLACEMENT_3D('',#4529,#4530,#4531);
#4533=PLANE('',#4532);
#4535=ORIENTED_EDGE('',*,*,#4534,.F.);
#4537=ORIENTED_EDGE('',*,*,#4536,.F.);
#4539=ORIENTED_EDGE('',*,*,#4538,.T.);
#4541=ORIENTED_EDGE('',*,*,#4540,.F.);
#4542=EDGE_LOOP('',(#4535,#4537,#4539,#4541));
#4543=FACE_OUTER_BOUND('',#4542,.F.);
#4544=ADVANCED_FACE('',(#4543),#4533,.T.);
#4545=CARTESIAN_POINT('',(2.115E-1,1.5E-1,-6.5E-2));
#4546=DIRECTION('',(9.486832980505E-1,0.E0,3.162277660168E-1));
#4547=DIRECTION('',(0.E0,-1.E0,0.E0));
#4548=AXIS2_PLACEMENT_3D('',#4545,#4546,#4547);
#4549=PLANE('',#4548);
#4551=ORIENTED_EDGE('',*,*,#4550,.F.);
#4552=ORIENTED_EDGE('',*,*,#4494,.F.);
#4553=ORIENTED_EDGE('',*,*,#4520,.T.);
#4555=ORIENTED_EDGE('',*,*,#4554,.F.);
#4556=EDGE_LOOP('',(#4551,#4552,#4553,#4555));
#4557=FACE_OUTER_BOUND('',#4556,.F.);
#4558=ADVANCED_FACE('',(#4557),#4549,.T.);
#4559=CARTESIAN_POINT('',(1.775E-1,1.695E-1,-5.E-2));
#4560=DIRECTION('',(0.E0,0.E0,1.E0));
#4561=DIRECTION('',(0.E0,-1.E0,0.E0));
#4562=AXIS2_PLACEMENT_3D('',#4559,#4560,#4561);
#4563=PLANE('',#4562);
#4564=ORIENTED_EDGE('',*,*,#4480,.T.);
#4565=ORIENTED_EDGE('',*,*,#4496,.F.);
#4566=ORIENTED_EDGE('',*,*,#4550,.T.);
#4568=ORIENTED_EDGE('',*,*,#4567,.T.);
#4569=EDGE_LOOP('',(#4564,#4565,#4566,#4568));
#4570=FACE_OUTER_BOUND('',#4569,.F.);
#4571=ADVANCED_FACE('',(#4570),#4563,.T.);
#4572=CARTESIAN_POINT('',(1.97E-1,1.355E-1,-6.5E-2));
#4573=DIRECTION('',(0.E0,-9.486832980505E-1,3.162277660168E-1));
#4574=DIRECTION('',(-1.E0,0.E0,0.E0));
#4575=AXIS2_PLACEMENT_3D('',#4572,#4573,#4574);
#4576=PLANE('',#4575);
#4577=ORIENTED_EDGE('',*,*,#4567,.F.);
#4578=ORIENTED_EDGE('',*,*,#4554,.T.);
#4580=ORIENTED_EDGE('',*,*,#4579,.T.);
#4581=ORIENTED_EDGE('',*,*,#4482,.T.);
#4582=EDGE_LOOP('',(#4577,#4578,#4580,#4581));
#4583=FACE_OUTER_BOUND('',#4582,.F.);
#4584=ADVANCED_FACE('',(#4583),#4576,.T.);
#4585=CARTESIAN_POINT('',(1.775E-1,1.305E-1,-5.E-2));
#4586=DIRECTION('',(0.E0,-1.E0,0.E0));
#4587=DIRECTION('',(0.E0,0.E0,-1.E0));
#4588=AXIS2_PLACEMENT_3D('',#4585,#4586,#4587);
#4589=PLANE('',#4588);
#4590=ORIENTED_EDGE('',*,*,#4579,.F.);
#4591=ORIENTED_EDGE('',*,*,#4524,.T.);
#4592=ORIENTED_EDGE('',*,*,#4432,.F.);
#4593=ORIENTED_EDGE('',*,*,#4448,.F.);
#4594=EDGE_LOOP('',(#4590,#4591,#4592,#4593));
#4595=FACE_OUTER_BOUND('',#4594,.F.);
#4596=ADVANCED_FACE('',(#4595),#4589,.T.);
#4597=CARTESIAN_POINT('',(2.115E-1,-1.35E-1,-3.9E-1));
#4598=DIRECTION('',(9.486832980505E-1,-3.162277660168E-1,0.E0));
#4599=DIRECTION('',(0.E0,0.E0,-1.E0));
#4600=AXIS2_PLACEMENT_3D('',#4597,#4598,#4599);
#4601=PLANE('',#4600);
#4603=ORIENTED_EDGE('',*,*,#4602,.F.);
#4605=ORIENTED_EDGE('',*,*,#4604,.F.);
#4606=ORIENTED_EDGE('',*,*,#4534,.T.);
#4608=ORIENTED_EDGE('',*,*,#4607,.F.);
#4609=EDGE_LOOP('',(#4603,#4605,#4606,#4608));
#4610=FACE_OUTER_BOUND('',#4609,.F.);
#4611=ADVANCED_FACE('',(#4610),#4601,.T.);
#4612=CARTESIAN_POINT('',(1.775E-1,-1.5E-1,-3.705E-1));
#4613=DIRECTION('',(0.E0,-1.E0,0.E0));
#4614=DIRECTION('',(0.E0,0.E0,-1.E0));
#4615=AXIS2_PLACEMENT_3D('',#4612,#4613,#4614);
#4616=PLANE('',#4615);
#4618=ORIENTED_EDGE('',*,*,#4617,.T.);
#4620=ORIENTED_EDGE('',*,*,#4619,.F.);
#4621=ORIENTED_EDGE('',*,*,#4602,.T.);
#4623=ORIENTED_EDGE('',*,*,#4622,.T.);
#4624=EDGE_LOOP('',(#4618,#4620,#4621,#4623));
#4625=FACE_OUTER_BOUND('',#4624,.F.);
#4626=ADVANCED_FACE('',(#4625),#4616,.T.);
#4627=CARTESIAN_POINT('',(1.825E-1,-1.35E-1,-3.9E-1));
#4628=DIRECTION('',(-9.486832980505E-1,-3.162277660168E-1,0.E0));
#4629=DIRECTION('',(0.E0,0.E0,-1.E0));
#4630=AXIS2_PLACEMENT_3D('',#4627,#4628,#4629);
#4631=PLANE('',#4630);
#4632=ORIENTED_EDGE('',*,*,#4461,.T.);
#4634=ORIENTED_EDGE('',*,*,#4633,.T.);
#4635=ORIENTED_EDGE('',*,*,#4617,.F.);
#4637=ORIENTED_EDGE('',*,*,#4636,.F.);
#4638=EDGE_LOOP('',(#4632,#4634,#4635,#4637));
#4639=FACE_OUTER_BOUND('',#4638,.F.);
#4640=ADVANCED_FACE('',(#4639),#4631,.T.);
#4641=CARTESIAN_POINT('',(1.97E-1,-1.35E-1,-3.755E-1));
#4642=DIRECTION('',(0.E0,-3.162277660168E-1,9.486832980505E-1));
#4643=DIRECTION('',(-1.E0,0.E0,0.E0));
#4644=AXIS2_PLACEMENT_3D('',#4641,#4642,#4643);
#4645=PLANE('',#4644);
#4647=ORIENTED_EDGE('',*,*,#4646,.F.);
#4648=ORIENTED_EDGE('',*,*,#4604,.T.);
#4649=ORIENTED_EDGE('',*,*,#4619,.T.);
#4650=ORIENTED_EDGE('',*,*,#4633,.F.);
#4651=EDGE_LOOP('',(#4647,#4648,#4649,#4650));
#4652=FACE_OUTER_BOUND('',#4651,.F.);
#4653=ADVANCED_FACE('',(#4652),#4645,.T.);
#4654=CARTESIAN_POINT('',(1.775E-1,1.105E-1,-3.705E-1));
#4655=DIRECTION('',(0.E0,0.E0,1.E0));
#4656=DIRECTION('',(0.E0,-1.E0,0.E0));
#4657=AXIS2_PLACEMENT_3D('',#4654,#4655,#4656);
#4658=PLANE('',#4657);
#4659=ORIENTED_EDGE('',*,*,#4646,.T.);
#4660=ORIENTED_EDGE('',*,*,#4467,.F.);
#4662=ORIENTED_EDGE('',*,*,#4661,.F.);
#4663=ORIENTED_EDGE('',*,*,#4536,.T.);
#4664=EDGE_LOOP('',(#4659,#4660,#4662,#4663));
#4665=FACE_OUTER_BOUND('',#4664,.F.);
#4666=ADVANCED_FACE('',(#4665),#4658,.T.);
#4667=CARTESIAN_POINT('',(2.47E-1,1.E-2,-4.6E-1));
#4668=DIRECTION('',(0.E0,1.E0,0.E0));
#4669=DIRECTION('',(0.E0,0.E0,1.E0));
#4670=AXIS2_PLACEMENT_3D('',#4667,#4668,#4669);
#4671=PLANE('',#4670);
#4673=ORIENTED_EDGE('',*,*,#4672,.F.);
#4675=ORIENTED_EDGE('',*,*,#4674,.T.);
#4677=ORIENTED_EDGE('',*,*,#4676,.T.);
#4679=ORIENTED_EDGE('',*,*,#4678,.F.);
#4680=EDGE_LOOP('',(#4673,#4675,#4677,#4679));
#4681=FACE_OUTER_BOUND('',#4680,.F.);
#4682=ORIENTED_EDGE('',*,*,#4465,.T.);
#4684=ORIENTED_EDGE('',*,*,#4683,.F.);
#4685=ORIENTED_EDGE('',*,*,#4538,.F.);
#4686=ORIENTED_EDGE('',*,*,#4661,.T.);
#4687=EDGE_LOOP('',(#4682,#4684,#4685,#4686));
#4688=FACE_BOUND('',#4687,.F.);
#4689=ADVANCED_FACE('',(#4681,#4688),#4671,.F.);
#4690=CARTESIAN_POINT('',(2.47E-1,0.E0,0.E0));
#4691=DIRECTION('',(1.E0,0.E0,0.E0));
#4692=DIRECTION('',(0.E0,0.E0,-1.E0));
#4693=AXIS2_PLACEMENT_3D('',#4690,#4691,#4692);
#4694=PLANE('',#4693);
#4695=ORIENTED_EDGE('',*,*,#2435,.F.);
#4696=ORIENTED_EDGE('',*,*,#2491,.T.);
#4698=ORIENTED_EDGE('',*,*,#4697,.T.);
#4700=ORIENTED_EDGE('',*,*,#4699,.T.);
#4701=ORIENTED_EDGE('',*,*,#4672,.T.);
#4703=ORIENTED_EDGE('',*,*,#4702,.T.);
#4704=EDGE_LOOP('',(#4695,#4696,#4698,#4700,#4701,#4703));
#4705=FACE_OUTER_BOUND('',#4704,.F.);
#4706=ADVANCED_FACE('',(#4705),#4694,.F.);
#4707=CARTESIAN_POINT('',(2.47E-1,2.E-1,-4.7E-1));
#4708=DIRECTION('',(0.E0,1.E0,0.E0));
#4709=DIRECTION('',(0.E0,0.E0,1.E0));
#4710=AXIS2_PLACEMENT_3D('',#4707,#4708,#4709);
#4711=PLANE('',#4710);
#4712=ORIENTED_EDGE('',*,*,#2489,.F.);
#4714=ORIENTED_EDGE('',*,*,#4713,.T.);
#4716=ORIENTED_EDGE('',*,*,#4715,.F.);
#4717=ORIENTED_EDGE('',*,*,#4697,.F.);
#4718=EDGE_LOOP('',(#4712,#4714,#4716,#4717));
#4719=FACE_OUTER_BOUND('',#4718,.F.);
#4720=ADVANCED_FACE('',(#4719),#4711,.F.);
#4721=CARTESIAN_POINT('',(1.47E-1,0.E0,0.E0));
#4722=DIRECTION('',(1.E0,0.E0,0.E0));
#4723=DIRECTION('',(0.E0,0.E0,-1.E0));
#4724=AXIS2_PLACEMENT_3D('',#4721,#4722,#4723);
#4725=PLANE('',#4724);
#4726=ORIENTED_EDGE('',*,*,#2439,.T.);
#4728=ORIENTED_EDGE('',*,*,#4727,.F.);
#4729=ORIENTED_EDGE('',*,*,#4676,.F.);
#4731=ORIENTED_EDGE('',*,*,#4730,.F.);
#4732=ORIENTED_EDGE('',*,*,#4713,.F.);
#4733=ORIENTED_EDGE('',*,*,#2487,.F.);
#4734=EDGE_LOOP('',(#4726,#4728,#4729,#4731,#4732,#4733));
#4735=FACE_OUTER_BOUND('',#4734,.F.);
#4736=ADVANCED_FACE('',(#4735),#4725,.T.);
#4737=CARTESIAN_POINT('',(2.47E-1,1.E-2,-3.5E-1));
#4738=DIRECTION('',(0.E0,7.071067811865E-1,7.071067811865E-1));
#4739=DIRECTION('',(0.E0,-7.071067811865E-1,7.071067811865E-1));
#4740=AXIS2_PLACEMENT_3D('',#4737,#4738,#4739);
#4741=PLANE('',#4740);
#4742=ORIENTED_EDGE('',*,*,#2437,.T.);
#4743=ORIENTED_EDGE('',*,*,#4702,.F.);
#4744=ORIENTED_EDGE('',*,*,#4678,.T.);
#4745=ORIENTED_EDGE('',*,*,#4727,.T.);
#4746=EDGE_LOOP('',(#4742,#4743,#4744,#4745));
#4747=FACE_OUTER_BOUND('',#4746,.F.);
#4748=ADVANCED_FACE('',(#4747),#4741,.F.);
#4749=CARTESIAN_POINT('',(2.47E-1,2.E-1,-4.6E-1));
#4750=DIRECTION('',(0.E0,0.E0,1.E0));
#4751=DIRECTION('',(0.E0,-1.E0,0.E0));
#4752=AXIS2_PLACEMENT_3D('',#4749,#4750,#4751);
#4753=PLANE('',#4752);
#4754=ORIENTED_EDGE('',*,*,#4699,.F.);
#4755=ORIENTED_EDGE('',*,*,#4715,.T.);
#4756=ORIENTED_EDGE('',*,*,#4730,.T.);
#4757=ORIENTED_EDGE('',*,*,#4674,.F.);
#4758=EDGE_LOOP('',(#4754,#4755,#4756,#4757));
#4759=FACE_OUTER_BOUND('',#4758,.F.);
#4760=ADVANCED_FACE('',(#4759),#4753,.F.);
#4761=CARTESIAN_POINT('',(1.775E-1,-1.5E-1,-4.095E-1));
#4762=DIRECTION('',(0.E0,0.E0,-1.E0));
#4763=DIRECTION('',(0.E0,1.E0,0.E0));
#4764=AXIS2_PLACEMENT_3D('',#4761,#4762,#4763);
#4765=PLANE('',#4764);
#4767=ORIENTED_EDGE('',*,*,#4766,.F.);
#4768=ORIENTED_EDGE('',*,*,#4540,.T.);
#4769=ORIENTED_EDGE('',*,*,#4683,.T.);
#4770=ORIENTED_EDGE('',*,*,#4463,.F.);
#4771=EDGE_LOOP('',(#4767,#4768,#4769,#4770));
#4772=FACE_OUTER_BOUND('',#4771,.F.);
#4773=ADVANCED_FACE('',(#4772),#4765,.T.);
#4774=CARTESIAN_POINT('',(1.97E-1,-1.35E-1,-4.045E-1));
#4775=DIRECTION('',(0.E0,-3.162277660168E-1,-9.486832980505E-1));
#4776=DIRECTION('',(-1.E0,0.E0,0.E0));
#4777=AXIS2_PLACEMENT_3D('',#4774,#4775,#4776);
#4778=PLANE('',#4777);
#4779=ORIENTED_EDGE('',*,*,#4622,.F.);
#4780=ORIENTED_EDGE('',*,*,#4607,.T.);
#4781=ORIENTED_EDGE('',*,*,#4766,.T.);
#4782=ORIENTED_EDGE('',*,*,#4636,.T.);
#4783=EDGE_LOOP('',(#4779,#4780,#4781,#4782));
#4784=FACE_OUTER_BOUND('',#4783,.F.);
#4785=ADVANCED_FACE('',(#4784),#4778,.T.);
#4786=CARTESIAN_POINT('',(2.57E-1,1.325E-1,-3.5E-1));
#4787=DIRECTION('',(0.E0,-1.E0,0.E0));
#4788=DIRECTION('',(1.E0,0.E0,0.E0));
#4789=AXIS2_PLACEMENT_3D('',#4786,#4787,#4788);
#4790=PLANE('',#4789);
#4791=ORIENTED_EDGE('',*,*,#3091,.T.);
#4793=ORIENTED_EDGE('',*,*,#4792,.T.);
#4794=ORIENTED_EDGE('',*,*,#3408,.T.);
#4795=ORIENTED_EDGE('',*,*,#3067,.F.);
#4796=EDGE_LOOP('',(#4791,#4793,#4794,#4795));
#4797=FACE_OUTER_BOUND('',#4796,.F.);
#4798=ADVANCED_FACE('',(#4797),#4790,.T.);
#4799=CARTESIAN_POINT('',(1.97E-1,1.5E-1,-3.5E-1));
#4800=DIRECTION('',(0.E0,0.E0,1.E0));
#4801=DIRECTION('',(1.E0,0.E0,0.E0));
#4802=AXIS2_PLACEMENT_3D('',#4799,#4800,#4801);
#4803=CYLINDRICAL_SURFACE('',#4802,6.25E-2);
#4804=ORIENTED_EDGE('',*,*,#3089,.F.);
#4805=ORIENTED_EDGE('',*,*,#3250,.T.);
#4806=ORIENTED_EDGE('',*,*,#3410,.T.);
#4807=ORIENTED_EDGE('',*,*,#4792,.F.);
#4808=EDGE_LOOP('',(#4804,#4805,#4806,#4807));
#4809=FACE_OUTER_BOUND('',#4808,.F.);
#4810=ADVANCED_FACE('',(#4809),#4803,.T.);
#4811=CARTESIAN_POINT('',(1.77E-1,3.3E-1,-5.E-2));
#4812=DIRECTION('',(-9.805806756909E-1,0.E0,-1.961161351382E-1));
#4813=DIRECTION('',(-1.961161351382E-1,0.E0,9.805806756909E-1));
#4814=AXIS2_PLACEMENT_3D('',#4811,#4812,#4813);
#4815=PLANE('',#4814);
#4816=ORIENTED_EDGE('',*,*,#2858,.T.);
#4818=ORIENTED_EDGE('',*,*,#4817,.T.);
#4819=ORIENTED_EDGE('',*,*,#3012,.F.);
#4820=ORIENTED_EDGE('',*,*,#2917,.T.);
#4821=EDGE_LOOP('',(#4816,#4818,#4819,#4820));
#4822=FACE_OUTER_BOUND('',#4821,.F.);
#4823=ADVANCED_FACE('',(#4822),#4815,.F.);
#4824=CARTESIAN_POINT('',(2.17E-1,3.3E-1,-5.E-2));
#4825=DIRECTION('',(0.E0,0.E0,-1.E0));
#4826=DIRECTION('',(-1.E0,0.E0,0.E0));
#4827=AXIS2_PLACEMENT_3D('',#4824,#4825,#4826);
#4828=PLANE('',#4827);
#4829=ORIENTED_EDGE('',*,*,#2824,.F.);
#4830=ORIENTED_EDGE('',*,*,#2904,.T.);
#4831=ORIENTED_EDGE('',*,*,#2756,.T.);
#4832=ORIENTED_EDGE('',*,*,#4817,.F.);
#4833=EDGE_LOOP('',(#4829,#4830,#4831,#4832));
#4834=FACE_OUTER_BOUND('',#4833,.F.);
#4835=ADVANCED_FACE('',(#4834),#4828,.F.);
#4836=CARTESIAN_POINT('',(-2.17E-1,3.3E-1,-5.E-2));
#4837=DIRECTION('',(-9.805806756909E-1,0.E0,-1.961161351382E-1));
#4838=DIRECTION('',(-1.961161351382E-1,0.E0,9.805806756909E-1));
#4839=AXIS2_PLACEMENT_3D('',#4836,#4837,#4838);
#4840=PLANE('',#4839);
#4841=ORIENTED_EDGE('',*,*,#2870,.F.);
#4842=ORIENTED_EDGE('',*,*,#2804,.T.);
#4843=ORIENTED_EDGE('',*,*,#3023,.F.);
#4844=ORIENTED_EDGE('',*,*,#2929,.F.);
#4845=EDGE_LOOP('',(#4841,#4842,#4843,#4844));
#4846=FACE_OUTER_BOUND('',#4845,.F.);
#4847=ADVANCED_FACE('',(#4846),#4840,.F.);
#4848=CARTESIAN_POINT('',(-1.67E-1,3.3E-1,0.E0));
#4849=DIRECTION('',(9.805806756909E-1,0.E0,-1.961161351382E-1));
#4850=DIRECTION('',(-1.961161351382E-1,0.E0,-9.805806756909E-1));
#4851=AXIS2_PLACEMENT_3D('',#4848,#4849,#4850);
#4852=PLANE('',#4851);
#4853=ORIENTED_EDGE('',*,*,#2884,.T.);
#4854=ORIENTED_EDGE('',*,*,#2968,.T.);
#4855=ORIENTED_EDGE('',*,*,#3037,.T.);
#4856=ORIENTED_EDGE('',*,*,#2801,.F.);
#4857=EDGE_LOOP('',(#4853,#4854,#4855,#4856));
#4858=FACE_OUTER_BOUND('',#4857,.F.);
#4859=ADVANCED_FACE('',(#4858),#4852,.F.);
#4860=CARTESIAN_POINT('',(-2.E-2,3.3E-1,-5.E-2));
#4861=DIRECTION('',(-9.805806756909E-1,0.E0,-1.961161351382E-1));
#4862=DIRECTION('',(-1.961161351382E-1,0.E0,9.805806756909E-1));
#4863=AXIS2_PLACEMENT_3D('',#4860,#4861,#4862);
#4864=PLANE('',#4863);
#4865=ORIENTED_EDGE('',*,*,#2887,.F.);
#4867=ORIENTED_EDGE('',*,*,#4866,.T.);
#4868=ORIENTED_EDGE('',*,*,#3040,.F.);
#4869=ORIENTED_EDGE('',*,*,#2971,.F.);
#4870=EDGE_LOOP('',(#4865,#4867,#4868,#4869));
#4871=FACE_OUTER_BOUND('',#4870,.F.);
#4872=ADVANCED_FACE('',(#4871),#4864,.F.);
#4873=CARTESIAN_POINT('',(2.E-2,3.3E-1,-5.E-2));
#4874=DIRECTION('',(0.E0,0.E0,-1.E0));
#4875=DIRECTION('',(-1.E0,0.E0,0.E0));
#4876=AXIS2_PLACEMENT_3D('',#4873,#4874,#4875);
#4877=PLANE('',#4876);
#4878=ORIENTED_EDGE('',*,*,#2828,.F.);
#4879=ORIENTED_EDGE('',*,*,#2987,.T.);
#4880=ORIENTED_EDGE('',*,*,#2752,.T.);
#4881=ORIENTED_EDGE('',*,*,#4866,.F.);
#4882=EDGE_LOOP('',(#4878,#4879,#4880,#4881));
#4883=FACE_OUTER_BOUND('',#4882,.F.);
#4884=ADVANCED_FACE('',(#4883),#4877,.F.);
#4885=CARTESIAN_POINT('',(3.345E-1,0.E0,0.E0));
#4886=DIRECTION('',(1.E0,0.E0,0.E0));
#4887=DIRECTION('',(0.E0,0.E0,-1.E0));
#4888=AXIS2_PLACEMENT_3D('',#4885,#4886,#4887);
#4889=PLANE('',#4888);
#4890=ORIENTED_EDGE('',*,*,#2431,.F.);
#4891=ORIENTED_EDGE('',*,*,#2955,.F.);
#4892=ORIENTED_EDGE('',*,*,#2843,.F.);
#4893=ORIENTED_EDGE('',*,*,#2820,.F.);
#4895=ORIENTED_EDGE('',*,*,#4894,.F.);
#4897=ORIENTED_EDGE('',*,*,#4896,.F.);
#4898=ORIENTED_EDGE('',*,*,#2494,.F.);
#4899=EDGE_LOOP('',(#4890,#4891,#4892,#4893,#4895,#4897,#4898));
#4900=FACE_OUTER_BOUND('',#4899,.F.);
#4901=ADVANCED_FACE('',(#4900),#4889,.T.);
#4902=CARTESIAN_POINT('',(-3.345E-1,3.1E-1,-1.E-1));
#4903=DIRECTION('',(0.E0,0.E0,-1.E0));
#4904=DIRECTION('',(0.E0,1.E0,0.E0));
#4905=AXIS2_PLACEMENT_3D('',#4902,#4903,#4904);
#4906=PLANE('',#4905);
#4907=ORIENTED_EDGE('',*,*,#2404,.F.);
#4909=ORIENTED_EDGE('',*,*,#4908,.T.);
#4910=ORIENTED_EDGE('',*,*,#4894,.T.);
#4911=ORIENTED_EDGE('',*,*,#2818,.F.);
#4912=EDGE_LOOP('',(#4907,#4909,#4910,#4911));
#4913=FACE_OUTER_BOUND('',#4912,.F.);
#4914=ADVANCED_FACE('',(#4913),#4906,.T.);
#4915=CARTESIAN_POINT('',(-3.345E-1,3.1E-1,-4.7E-1));
#4916=DIRECTION('',(0.E0,1.E0,0.E0));
#4917=DIRECTION('',(0.E0,0.E0,1.E0));
#4918=AXIS2_PLACEMENT_3D('',#4915,#4916,#4917);
#4919=PLANE('',#4918);
#4920=ORIENTED_EDGE('',*,*,#2402,.F.);
#4921=ORIENTED_EDGE('',*,*,#2496,.T.);
#4922=ORIENTED_EDGE('',*,*,#4896,.T.);
#4923=ORIENTED_EDGE('',*,*,#4908,.F.);
#4924=EDGE_LOOP('',(#4920,#4921,#4922,#4923));
#4925=FACE_OUTER_BOUND('',#4924,.F.);
#4926=ADVANCED_FACE('',(#4925),#4919,.T.);
#4927=CARTESIAN_POINT('',(-1.95E-2,1.305E-1,-5.E-2));
#4928=DIRECTION('',(0.E0,-1.E0,0.E0));
#4929=DIRECTION('',(0.E0,0.E0,-1.E0));
#4930=AXIS2_PLACEMENT_3D('',#4927,#4928,#4929);
#4931=PLANE('',#4930);
#4933=ORIENTED_EDGE('',*,*,#4932,.F.);
#4935=ORIENTED_EDGE('',*,*,#4934,.T.);
#4936=ORIENTED_EDGE('',*,*,#2691,.F.);
#4937=ORIENTED_EDGE('',*,*,#2611,.F.);
#4938=EDGE_LOOP('',(#4933,#4935,#4936,#4937));
#4939=FACE_OUTER_BOUND('',#4938,.F.);
#4940=ADVANCED_FACE('',(#4939),#4931,.T.);
#4941=CARTESIAN_POINT('',(0.E0,1.355E-1,-6.5E-2));
#4942=DIRECTION('',(0.E0,-9.486832980505E-1,3.162277660168E-1));
#4943=DIRECTION('',(-1.E0,0.E0,0.E0));
#4944=AXIS2_PLACEMENT_3D('',#4941,#4942,#4943);
#4945=PLANE('',#4944);
#4947=ORIENTED_EDGE('',*,*,#4946,.F.);
#4949=ORIENTED_EDGE('',*,*,#4948,.T.);
#4950=ORIENTED_EDGE('',*,*,#4932,.T.);
#4951=ORIENTED_EDGE('',*,*,#2645,.T.);
#4952=EDGE_LOOP('',(#4947,#4949,#4950,#4951));
#4953=FACE_OUTER_BOUND('',#4952,.F.);
#4954=ADVANCED_FACE('',(#4953),#4945,.T.);
#4955=CARTESIAN_POINT('',(-1.95E-2,1.695E-1,-5.E-2));
#4956=DIRECTION('',(0.E0,0.E0,1.E0));
#4957=DIRECTION('',(0.E0,-1.E0,0.E0));
#4958=AXIS2_PLACEMENT_3D('',#4955,#4956,#4957);
#4959=PLANE('',#4958);
#4960=ORIENTED_EDGE('',*,*,#2643,.T.);
#4961=ORIENTED_EDGE('',*,*,#2659,.F.);
#4963=ORIENTED_EDGE('',*,*,#4962,.T.);
#4964=ORIENTED_EDGE('',*,*,#4946,.T.);
#4965=EDGE_LOOP('',(#4960,#4961,#4963,#4964));
#4966=FACE_OUTER_BOUND('',#4965,.F.);
#4967=ADVANCED_FACE('',(#4966),#4959,.T.);
#4968=CARTESIAN_POINT('',(1.45E-2,1.5E-1,-6.5E-2));
#4969=DIRECTION('',(9.486832980505E-1,0.E0,3.162277660168E-1));
#4970=DIRECTION('',(0.E0,-1.E0,0.E0));
#4971=AXIS2_PLACEMENT_3D('',#4968,#4969,#4970);
#4972=PLANE('',#4971);
#4973=ORIENTED_EDGE('',*,*,#4962,.F.);
#4974=ORIENTED_EDGE('',*,*,#2657,.F.);
#4976=ORIENTED_EDGE('',*,*,#4975,.T.);
#4977=ORIENTED_EDGE('',*,*,#4948,.F.);
#4978=EDGE_LOOP('',(#4973,#4974,#4976,#4977));
#4979=FACE_OUTER_BOUND('',#4978,.F.);
#4980=ADVANCED_FACE('',(#4979),#4972,.T.);
#4981=CARTESIAN_POINT('',(1.95E-2,0.E0,0.E0));
#4982=DIRECTION('',(1.E0,0.E0,0.E0));
#4983=DIRECTION('',(0.E0,0.E0,-1.E0));
#4984=AXIS2_PLACEMENT_3D('',#4981,#4982,#4983);
#4985=PLANE('',#4984);
#4986=ORIENTED_EDGE('',*,*,#4975,.F.);
#4987=ORIENTED_EDGE('',*,*,#2674,.F.);
#4988=ORIENTED_EDGE('',*,*,#2693,.F.);
#4989=ORIENTED_EDGE('',*,*,#4934,.F.);
#4990=EDGE_LOOP('',(#4986,#4987,#4988,#4989));
#4991=FACE_OUTER_BOUND('',#4990,.F.);
#4992=ADVANCED_FACE('',(#4991),#4985,.T.);
#4993=CARTESIAN_POINT('',(1.95E-2,0.E0,0.E0));
#4994=DIRECTION('',(1.E0,0.E0,0.E0));
#4995=DIRECTION('',(0.E0,0.E0,-1.E0));
#4996=AXIS2_PLACEMENT_3D('',#4993,#4994,#4995);
#4997=PLANE('',#4996);
#4999=ORIENTED_EDGE('',*,*,#4998,.F.);
#5001=ORIENTED_EDGE('',*,*,#5000,.F.);
#5002=ORIENTED_EDGE('',*,*,#2597,.T.);
#5004=ORIENTED_EDGE('',*,*,#5003,.F.);
#5005=EDGE_LOOP('',(#4999,#5001,#5002,#5004));
#5006=FACE_OUTER_BOUND('',#5005,.F.);
#5007=ADVANCED_FACE('',(#5006),#4997,.T.);
#5008=CARTESIAN_POINT('',(1.45E-2,-1.35E-1,-3.9E-1));
#5009=DIRECTION('',(9.486832980505E-1,-3.162277660168E-1,0.E0));
#5010=DIRECTION('',(0.E0,0.E0,-1.E0));
#5011=AXIS2_PLACEMENT_3D('',#5008,#5009,#5010);
#5012=PLANE('',#5011);
#5014=ORIENTED_EDGE('',*,*,#5013,.F.);
#5016=ORIENTED_EDGE('',*,*,#5015,.F.);
#5017=ORIENTED_EDGE('',*,*,#4998,.T.);
#5019=ORIENTED_EDGE('',*,*,#5018,.F.);
#5020=EDGE_LOOP('',(#5014,#5016,#5017,#5019));
#5021=FACE_OUTER_BOUND('',#5020,.F.);
#5022=ADVANCED_FACE('',(#5021),#5012,.T.);
#5023=CARTESIAN_POINT('',(-1.95E-2,-1.5E-1,-3.705E-1));
#5024=DIRECTION('',(0.E0,-1.E0,0.E0));
#5025=DIRECTION('',(0.E0,0.E0,-1.E0));
#5026=AXIS2_PLACEMENT_3D('',#5023,#5024,#5025);
#5027=PLANE('',#5026);
#5029=ORIENTED_EDGE('',*,*,#5028,.T.);
#5031=ORIENTED_EDGE('',*,*,#5030,.F.);
#5032=ORIENTED_EDGE('',*,*,#5013,.T.);
#5034=ORIENTED_EDGE('',*,*,#5033,.T.);
#5035=EDGE_LOOP('',(#5029,#5031,#5032,#5034));
#5036=FACE_OUTER_BOUND('',#5035,.F.);
#5037=ADVANCED_FACE('',(#5036),#5027,.T.);
#5038=CARTESIAN_POINT('',(-1.45E-2,-1.35E-1,-3.9E-1));
#5039=DIRECTION('',(-9.486832980505E-1,-3.162277660168E-1,0.E0));
#5040=DIRECTION('',(0.E0,0.E0,-1.E0));
#5041=AXIS2_PLACEMENT_3D('',#5038,#5039,#5040);
#5042=PLANE('',#5041);
#5043=ORIENTED_EDGE('',*,*,#2625,.T.);
#5045=ORIENTED_EDGE('',*,*,#5044,.T.);
#5046=ORIENTED_EDGE('',*,*,#5028,.F.);
#5048=ORIENTED_EDGE('',*,*,#5047,.F.);
#5049=EDGE_LOOP('',(#5043,#5045,#5046,#5048));
#5050=FACE_OUTER_BOUND('',#5049,.F.);
#5051=ADVANCED_FACE('',(#5050),#5042,.T.);
#5052=CARTESIAN_POINT('',(0.E0,-1.35E-1,-3.755E-1));
#5053=DIRECTION('',(0.E0,-3.162277660168E-1,9.486832980505E-1));
#5054=DIRECTION('',(-1.E0,0.E0,0.E0));
#5055=AXIS2_PLACEMENT_3D('',#5052,#5053,#5054);
#5056=PLANE('',#5055);
#5058=ORIENTED_EDGE('',*,*,#5057,.F.);
#5059=ORIENTED_EDGE('',*,*,#5015,.T.);
#5060=ORIENTED_EDGE('',*,*,#5030,.T.);
#5061=ORIENTED_EDGE('',*,*,#5044,.F.);
#5062=EDGE_LOOP('',(#5058,#5059,#5060,#5061));
#5063=FACE_OUTER_BOUND('',#5062,.F.);
#5064=ADVANCED_FACE('',(#5063),#5056,.T.);
#5065=CARTESIAN_POINT('',(-1.95E-2,1.105E-1,-3.705E-1));
#5066=DIRECTION('',(0.E0,0.E0,1.E0));
#5067=DIRECTION('',(0.E0,-1.E0,0.E0));
#5068=AXIS2_PLACEMENT_3D('',#5065,#5066,#5067);
#5069=PLANE('',#5068);
#5070=ORIENTED_EDGE('',*,*,#5057,.T.);
#5071=ORIENTED_EDGE('',*,*,#2630,.F.);
#5072=ORIENTED_EDGE('',*,*,#2599,.T.);
#5073=ORIENTED_EDGE('',*,*,#5000,.T.);
#5074=EDGE_LOOP('',(#5070,#5071,#5072,#5073));
#5075=FACE_OUTER_BOUND('',#5074,.F.);
#5076=ADVANCED_FACE('',(#5075),#5069,.T.);
#5077=CARTESIAN_POINT('',(0.E0,-1.35E-1,-4.045E-1));
#5078=DIRECTION('',(0.E0,-3.162277660168E-1,-9.486832980505E-1));
#5079=DIRECTION('',(-1.E0,0.E0,0.E0));
#5080=AXIS2_PLACEMENT_3D('',#5077,#5078,#5079);
#5081=PLANE('',#5080);
#5082=ORIENTED_EDGE('',*,*,#5033,.F.);
#5083=ORIENTED_EDGE('',*,*,#5018,.T.);
#5085=ORIENTED_EDGE('',*,*,#5084,.T.);
#5086=ORIENTED_EDGE('',*,*,#5047,.T.);
#5087=EDGE_LOOP('',(#5082,#5083,#5085,#5086));
#5088=FACE_OUTER_BOUND('',#5087,.F.);
#5089=ADVANCED_FACE('',(#5088),#5081,.T.);
#5090=CARTESIAN_POINT('',(-1.95E-2,-1.5E-1,-4.095E-1));
#5091=DIRECTION('',(0.E0,0.E0,-1.E0));
#5092=DIRECTION('',(0.E0,1.E0,0.E0));
#5093=AXIS2_PLACEMENT_3D('',#5090,#5091,#5092);
#5094=PLANE('',#5093);
#5095=ORIENTED_EDGE('',*,*,#5084,.F.);
#5096=ORIENTED_EDGE('',*,*,#5003,.T.);
#5097=ORIENTED_EDGE('',*,*,#2595,.F.);
#5098=ORIENTED_EDGE('',*,*,#2627,.F.);
#5099=EDGE_LOOP('',(#5095,#5096,#5097,#5098));
#5100=FACE_OUTER_BOUND('',#5099,.F.);
#5101=ADVANCED_FACE('',(#5100),#5094,.T.);
#5102=CLOSED_SHELL('',(#2414,#2453,#2472,#2506,#2524,#2538,#2555,#2568,#2581,
#2603,#2619,#2634,#2649,#2664,#2678,#2698,#2717,#2742,#2793,#2808,#2834,#2849,
#2864,#2878,#2893,#2908,#2923,#2962,#2977,#2991,#3004,#3017,#3031,#3045,#3059,
#3081,#3100,#3124,#3144,#3168,#3184,#3203,#3220,#3239,#3254,#3275,#3289,#3303,
#3317,#3331,#3345,#3366,#3426,#3440,#3453,#3466,#3486,#3499,#3512,#3526,#3539,
#3552,#3566,#3580,#3594,#3606,#3618,#3630,#3643,#3661,#3674,#3687,#3699,#3716,
#3740,#3753,#3766,#3784,#3797,#3809,#3826,#3841,#3861,#3876,#3892,#3907,#3922,
#3935,#3949,#3965,#3979,#3992,#4005,#4017,#4032,#4047,#4061,#4074,#4087,#4109,
#4123,#4136,#4151,#4163,#4176,#4188,#4201,#4213,#4226,#4238,#4253,#4273,#4286,
#4298,#4312,#4325,#4347,#4360,#4373,#4388,#4405,#4420,#4440,#4455,#4471,#4486,
#4501,#4514,#4528,#4544,#4558,#4571,#4584,#4596,#4611,#4626,#4640,#4653,#4666,
#4689,#4706,#4720,#4736,#4748,#4760,#4773,#4785,#4798,#4810,#4823,#4835,#4847,
#4859,#4872,#4884,#4901,#4914,#4926,#4940,#4954,#4967,#4980,#4992,#5007,#5022,
#5037,#5051,#5064,#5076,#5089,#5101));
#5103=MANIFOLD_SOLID_BREP('',#5102);
#5104=CARTESIAN_POINT('',(0.E0,0.E0,0.E0));
#5105=DIRECTION('',(0.E0,0.E0,1.E0));
#5106=DIRECTION('',(1.E0,0.E0,0.E0));
#5107=AXIS2_PLACEMENT_3D('PRT_CSYS_DEF',#5104,#5105,#5106);
#5108=DIRECTION('',(0.E0,0.E0,1.E0));
#5109=VECTOR('',#5108,6.E-2);
#5110=CARTESIAN_POINT('',(1.97E-1,1.5E-1,-3.5E-1));
#5111=LINE('',#5110,#5109);
#5114=DIRECTION('',(0.E0,0.E0,1.E0));
#5115=VECTOR('',#5114,6.E-2);
#5116=CARTESIAN_POINT('',(0.E0,1.5E-1,-3.5E-1));
#5117=LINE('',#5116,#5115);
#5119=DIRECTION('',(0.E0,0.E0,1.E0));
#5120=VECTOR('',#5119,6.E-2);
#5121=CARTESIAN_POINT('',(-1.97E-1,1.5E-1,-3.5E-1));
#5122=LINE('',#5121,#5120);
#5124=CARTESIAN_POINT('',(1.97E-1,0.E0,-3.9E-1));
#5125=DIRECTION('',(0.E0,-1.E0,0.E0));
#5126=DIRECTION('',(1.E0,0.E0,0.E0));
#5127=AXIS2_PLACEMENT_3D('',#5124,#5125,#5126);
#5131=CARTESIAN_POINT('',(1.97E-1,0.E0,-3.9E-1));
#5132=DIRECTION('',(0.E0,-1.E0,0.E0));
#5133=DIRECTION('',(-1.E0,0.E0,0.E0));
#5134=AXIS2_PLACEMENT_3D('',#5131,#5132,#5133);
#5139=CARTESIAN_POINT('',(0.E0,0.E0,-3.9E-1));
#5140=DIRECTION('',(0.E0,-1.E0,0.E0));
#5141=DIRECTION('',(1.E0,0.E0,0.E0));
#5142=AXIS2_PLACEMENT_3D('',#5139,#5140,#5141);
#5146=CARTESIAN_POINT('',(0.E0,0.E0,-3.9E-1));
#5147=DIRECTION('',(0.E0,-1.E0,0.E0));
#5148=DIRECTION('',(-1.E0,0.E0,0.E0));
#5149=AXIS2_PLACEMENT_3D('',#5146,#5147,#5148);
#5154=CARTESIAN_POINT('',(-1.97E-1,0.E0,-3.9E-1));
#5155=DIRECTION('',(0.E0,-1.E0,0.E0));
#5156=DIRECTION('',(1.E0,0.E0,0.E0));
#5157=AXIS2_PLACEMENT_3D('',#5154,#5155,#5156);
#5161=CARTESIAN_POINT('',(-1.97E-1,0.E0,-3.9E-1));
#5162=DIRECTION('',(0.E0,-1.E0,0.E0));
#5163=DIRECTION('',(-1.E0,0.E0,0.E0));
#5164=AXIS2_PLACEMENT_3D('',#5161,#5162,#5163);
#5169=DIMENSIONAL_EXPONENTS(1.E0,0.E0,0.E0,0.E0,0.E0,0.E0,0.E0);
#5171=LENGTH_MEASURE_WITH_UNIT(LENGTH_MEASURE(2.54E1),#5170);
#5172=(CONVERSION_BASED_UNIT('INCH',#5171)LENGTH_UNIT()NAMED_UNIT(#5169));
#5173=DIMENSIONAL_EXPONENTS(0.E0,0.E0,0.E0,0.E0,0.E0,0.E0,0.E0);
#5175=PLANE_ANGLE_MEASURE_WITH_UNIT(PLANE_ANGLE_MEASURE(1.745329251994E-2),
#5174);
#5176=(CONVERSION_BASED_UNIT('DEGREE',#5175)NAMED_UNIT(*)PLANE_ANGLE_UNIT());
#5178=UNCERTAINTY_MEASURE_WITH_UNIT(LENGTH_MEASURE(9.583253868703E-5),#5172,
'closure',
'Maximum model space distance between geometric entities at asserted connectivities');
#5179=(GEOMETRIC_REPRESENTATION_CONTEXT(3)GLOBAL_UNCERTAINTY_ASSIGNED_CONTEXT((
#5178))GLOBAL_UNIT_ASSIGNED_CONTEXT((#5172,#5176,#5177))REPRESENTATION_CONTEXT(
'ID1','3'));
#5113=GEOMETRIC_SET('',(#5112,#5118,#5123,#5138,#5153,#5168));
#5183=SHAPE_REPRESENTATION_RELATIONSHIP('','',#5182,#5180);
#5184=SHAPE_REPRESENTATION_RELATIONSHIP('','',#5182,#5181);
#5185=APPLICATION_CONTEXT(
'CONFIGURATION CONTROLLED 3D DESIGNS OF MECHANICAL PARTS AND ASSEMBLIES');
#5186=APPLICATION_PROTOCOL_DEFINITION('international standard',
'config_control_design',1994,#5185);
#5187=DESIGN_CONTEXT('',#5185,'design');
#5188=MECHANICAL_CONTEXT('',#5185,'mechanical');
#5189=PRODUCT('395221003','395221003','NOT SPECIFIED',(#5188));
#5190=PRODUCT_DEFINITION_FORMATION_WITH_SPECIFIED_SOURCE('2','LAST_VERSION',
#5189,.MADE.);
#5194=PRODUCT_CATEGORY('part','');
#5195=PRODUCT_RELATED_PRODUCT_CATEGORY('detail','',(#5189));
#5196=PRODUCT_CATEGORY_RELATIONSHIP('','',#5194,#5195);
#5197=SECURITY_CLASSIFICATION_LEVEL('unclassified');
#5198=SECURITY_CLASSIFICATION('','',#5197);
#5199=CC_DESIGN_SECURITY_CLASSIFICATION(#5198,(#5190));
#5200=APPROVAL_STATUS('approved');
#5201=APPROVAL(#5200,'');
#5202=CC_DESIGN_APPROVAL(#5201,(#5198,#5190,#5191));
#5203=CALENDAR_DATE(115,9,2);
#5204=COORDINATED_UNIVERSAL_TIME_OFFSET(5,30,.AHEAD.);
#5205=LOCAL_TIME(14,16,1.4E1,#5204);
#5206=DATE_AND_TIME(#5203,#5205);
#5207=APPROVAL_DATE_TIME(#5206,#5201);
#5208=DATE_TIME_ROLE('creation_date');
#5209=CC_DESIGN_DATE_AND_TIME_ASSIGNMENT(#5206,#5208,(#5191));
#5210=DATE_TIME_ROLE('classification_date');
#5211=CC_DESIGN_DATE_AND_TIME_ASSIGNMENT(#5206,#5210,(#5198));
#5212=PERSON('UNSPECIFIED','UNSPECIFIED',$,$,$,$);
#5213=ORGANIZATION('UNSPECIFIED','UNSPECIFIED','UNSPECIFIED');
#5214=PERSON_AND_ORGANIZATION(#5212,#5213);
#5215=APPROVAL_ROLE('approver');
#5216=APPROVAL_PERSON_ORGANIZATION(#5214,#5201,#5215);
#5217=PERSON_AND_ORGANIZATION_ROLE('creator');
#5218=CC_DESIGN_PERSON_AND_ORGANIZATION_ASSIGNMENT(#5214,#5217,(#5190,#5191));
#5219=PERSON_AND_ORGANIZATION_ROLE('design_supplier');
#5220=CC_DESIGN_PERSON_AND_ORGANIZATION_ASSIGNMENT(#5214,#5219,(#5190));
#5221=PERSON_AND_ORGANIZATION_ROLE('classification_officer');
#5222=CC_DESIGN_PERSON_AND_ORGANIZATION_ASSIGNMENT(#5214,#5221,(#5198));
#5223=PERSON_AND_ORGANIZATION_ROLE('design_owner');
#5224=CC_DESIGN_PERSON_AND_ORGANIZATION_ASSIGNMENT(#5214,#5223,(#5189));
#253=CIRCLE('',#252,4.E-2);
#262=CIRCLE('',#261,4.E-2);
#271=CIRCLE('',#270,4.E-2);
#284=CIRCLE('',#283,6.135144660071E-2);
#289=CIRCLE('',#288,6.135144660071E-2);
#458=CIRCLE('',#457,1.199998753529E-1);
#467=CIRCLE('',#466,1.199998753529E-1);
#476=CIRCLE('',#475,1.199998753529E-1);
#577=CIRCLE('',#576,6.25E-2);
#594=CIRCLE('',#593,1.1E-1);
#603=CIRCLE('',#602,6.25E-2);
#608=CIRCLE('',#607,6.25E-2);
#617=CIRCLE('',#616,1.1E-1);
#626=CIRCLE('',#625,1.1E-1);
#635=CIRCLE('',#634,6.25E-2);
#644=CIRCLE('',#643,1.1E-1);
#661=CIRCLE('',#660,6.25E-2);
#666=CIRCLE('',#665,6.25E-2);
#675=CIRCLE('',#674,1.1E-1);
#684=CIRCLE('',#683,1.1E-1);
#689=CIRCLE('',#688,6.135144660071E-2);
#710=CIRCLE('',#709,6.135144660071E-2);
#727=CIRCLE('',#726,6.135144660071E-2);
#732=CIRCLE('',#731,6.135144660071E-2);
#753=CIRCLE('',#752,6.135144660071E-2);
#770=CIRCLE('',#769,6.135144660071E-2);
#779=CIRCLE('',#778,1.1E-1);
#788=CIRCLE('',#787,1.1E-1);
#817=CIRCLE('',#816,1.1E-1);
#826=CIRCLE('',#825,1.1E-1);
#835=CIRCLE('',#834,6.25E-2);
#848=CIRCLE('',#847,6.25E-2);
#869=CIRCLE('',#868,6.25E-2);
#882=CIRCLE('',#881,6.25E-2);
#887=CIRCLE('',#886,6.25E-2);
#900=CIRCLE('',#899,6.25E-2);
#921=CIRCLE('',#920,1.1E-1);
#930=CIRCLE('',#929,1.1E-1);
#984=B_SPLINE_CURVE_WITH_KNOTS('',3,(#979,#980,#981,#982,#983),.UNSPECIFIED.,
.F.,.F.,(4,1,4),(0.E0,5.E-1,1.E0),.UNSPECIFIED.);
#990=B_SPLINE_CURVE_WITH_KNOTS('',3,(#985,#986,#987,#988,#989),.UNSPECIFIED.,
.F.,.F.,(4,1,4),(0.E0,5.E-1,1.E0),.UNSPECIFIED.);
#996=B_SPLINE_CURVE_WITH_KNOTS('',3,(#991,#992,#993,#994,#995),.UNSPECIFIED.,
.F.,.F.,(4,1,4),(0.E0,5.E-1,1.E0),.UNSPECIFIED.);
#1002=B_SPLINE_CURVE_WITH_KNOTS('',3,(#997,#998,#999,#1000,#1001),.UNSPECIFIED.,
.F.,.F.,(4,1,4),(0.E0,5.E-1,1.E0),.UNSPECIFIED.);
#1012=B_SPLINE_CURVE_WITH_KNOTS('',3,(#1007,#1008,#1009,#1010,#1011),
.UNSPECIFIED.,.F.,.F.,(4,1,4),(0.E0,5.E-1,1.E0),.UNSPECIFIED.);
#1018=B_SPLINE_CURVE_WITH_KNOTS('',3,(#1013,#1014,#1015,#1016,#1017),
.UNSPECIFIED.,.F.,.F.,(4,1,4),(0.E0,5.E-1,1.E0),.UNSPECIFIED.);
#1067=CIRCLE('',#1066,6.135144660071E-2);
#1072=CIRCLE('',#1071,6.135144660071E-2);
#1113=CIRCLE('',#1112,4.E-2);
#1122=CIRCLE('',#1121,4.E-2);
#1127=CIRCLE('',#1126,4.E-2);
#1132=CIRCLE('',#1131,4.E-2);
#1141=CIRCLE('',#1140,4.E-2);
#1150=CIRCLE('',#1149,4.E-2);
#1359=CIRCLE('',#1358,4.E-2);
#1368=CIRCLE('',#1367,4.E-2);
#1373=CIRCLE('',#1372,4.E-2);
#1414=CIRCLE('',#1413,6.135144660071E-2);
#1419=CIRCLE('',#1418,6.135144660071E-2);
#1440=CIRCLE('',#1439,4.E-2);
#1449=CIRCLE('',#1448,4.E-2);
#1454=CIRCLE('',#1453,4.E-2);
#1463=CIRCLE('',#1462,4.E-2);
#1472=CIRCLE('',#1471,4.E-2);
#1481=CIRCLE('',#1480,4.E-2);
#2398=EDGE_CURVE('',#1844,#1845,#4,.T.);
#2400=EDGE_CURVE('',#1845,#1847,#8,.T.);
#2402=EDGE_CURVE('',#1847,#1849,#12,.T.);
#2404=EDGE_CURVE('',#1849,#1851,#16,.T.);
#2406=EDGE_CURVE('',#1851,#1853,#20,.T.);
#2408=EDGE_CURVE('',#1853,#1855,#24,.T.);
#2410=EDGE_CURVE('',#1855,#1844,#28,.T.);
#2420=EDGE_CURVE('',#2255,#2256,#32,.T.);
#2422=EDGE_CURVE('',#2260,#2256,#36,.T.);
#2424=EDGE_CURVE('',#2259,#2260,#40,.T.);
#2426=EDGE_CURVE('',#1845,#2259,#128,.T.);
#2429=EDGE_CURVE('',#1844,#1858,#44,.T.);
#2431=EDGE_CURVE('',#1858,#1859,#1717,.T.);
#2433=EDGE_CURVE('',#1969,#1859,#124,.T.);
#2435=EDGE_CURVE('',#1969,#1970,#48,.T.);
#2437=EDGE_CURVE('',#1974,#1970,#52,.T.);
#2439=EDGE_CURVE('',#1973,#1974,#56,.T.);
#2441=EDGE_CURVE('',#2231,#1973,#108,.T.);
#2443=EDGE_CURVE('',#2231,#2232,#60,.T.);
#2445=EDGE_CURVE('',#2236,#2232,#64,.T.);
#2447=EDGE_CURVE('',#2235,#2236,#68,.T.);
#2449=EDGE_CURVE('',#2255,#2235,#92,.T.);
#2460=EDGE_CURVE('',#2255,#2262,#88,.T.);
#2462=EDGE_CURVE('',#2262,#2243,#72,.T.);
#2464=EDGE_CURVE('',#2243,#2244,#76,.T.);
#2466=EDGE_CURVE('',#2244,#2246,#80,.T.);
#2468=EDGE_CURVE('',#2246,#2256,#84,.T.);
#2480=EDGE_CURVE('',#2235,#2240,#96,.T.);
#2482=EDGE_CURVE('',#2240,#2238,#100,.T.);
#2484=EDGE_CURVE('',#2231,#2238,#104,.T.);
#2487=EDGE_CURVE('',#1973,#1978,#112,.T.);
#2489=EDGE_CURVE('',#1978,#1976,#116,.T.);
#2491=EDGE_CURVE('',#1969,#1976,#120,.T.);
#2494=EDGE_CURVE('',#1859,#1861,#1741,.T.);
#2496=EDGE_CURVE('',#1847,#1861,#1749,.T.);
#2500=EDGE_CURVE('',#2259,#2264,#132,.T.);
#2502=EDGE_CURVE('',#2264,#2262,#136,.T.);
#2513=EDGE_CURVE('',#2228,#2236,#140,.T.);
#2515=EDGE_CURVE('',#2226,#2228,#144,.T.);
#2517=EDGE_CURVE('',#2225,#2226,#148,.T.);
#2519=EDGE_CURVE('',#2240,#2225,#152,.T.);
#2531=EDGE_CURVE('',#2222,#2232,#172,.T.);
#2533=EDGE_CURVE('',#2222,#2228,#156,.T.);
#2546=EDGE_CURVE('',#2238,#2219,#160,.T.);
#2548=EDGE_CURVE('',#2219,#2220,#164,.T.);
#2550=EDGE_CURVE('',#2220,#2222,#168,.T.);
#2563=EDGE_CURVE('',#2219,#2225,#176,.T.);
#2577=EDGE_CURVE('',#2220,#2226,#180,.T.);
#2593=EDGE_CURVE('',#2275,#2276,#184,.T.);
#2595=EDGE_CURVE('',#2276,#2280,#188,.T.);
#2597=EDGE_CURVE('',#2279,#2280,#192,.T.);
#2599=EDGE_CURVE('',#2275,#2279,#196,.T.);
#2609=EDGE_CURVE('',#2299,#2300,#200,.T.);
#2611=EDGE_CURVE('',#2299,#2267,#204,.T.);
#2613=EDGE_CURVE('',#2267,#2268,#236,.T.);
#2615=EDGE_CURVE('',#2268,#2300,#208,.T.);
#2625=EDGE_CURVE('',#2315,#2316,#212,.T.);
#2627=EDGE_CURVE('',#2315,#2276,#216,.T.);
#2630=EDGE_CURVE('',#2275,#2316,#220,.T.);
#2641=EDGE_CURVE('',#2304,#2300,#228,.T.);
#2643=EDGE_CURVE('',#2303,#2304,#1765,.T.);
#2645=EDGE_CURVE('',#2299,#2303,#1761,.T.);
#2655=EDGE_CURVE('',#2312,#2300,#232,.T.);
#2657=EDGE_CURVE('',#2312,#2310,#224,.T.);
#2659=EDGE_CURVE('',#2310,#2304,#1769,.T.);
#2672=EDGE_CURVE('',#2268,#2272,#248,.T.);
#2674=EDGE_CURVE('',#2272,#2312,#1785,.T.);
#2684=EDGE_CURVE('',#2065,#2066,#262,.T.);
#2686=EDGE_CURVE('',#2065,#2066,#1373,.T.);
#2691=EDGE_CURVE('',#2267,#2271,#240,.T.);
#2693=EDGE_CURVE('',#2271,#2272,#244,.T.);
#2704=EDGE_CURVE('',#2178,#2180,#253,.T.);
#2706=EDGE_CURVE('',#2066,#2178,#257,.T.);
#2709=EDGE_CURVE('',#2065,#2111,#266,.T.);
#2711=EDGE_CURVE('',#2114,#2111,#271,.T.);
#2713=EDGE_CURVE('',#2180,#2114,#275,.T.);
#2723=EDGE_CURVE('',#2171,#2172,#341,.T.);
#2725=EDGE_CURVE('',#2186,#2172,#279,.T.);
#2727=EDGE_CURVE('',#2176,#2186,#284,.T.);
#2729=EDGE_CURVE('',#2175,#2176,#1377,.T.);
#2731=EDGE_CURVE('',#2175,#2178,#1359,.T.);
#2734=EDGE_CURVE('',#2180,#2182,#1100,.T.);
#2736=EDGE_CURVE('',#2184,#2182,#289,.T.);
#2738=EDGE_CURVE('',#2171,#2184,#293,.T.);
#2748=EDGE_CURVE('',#2391,#2392,#297,.T.);
#2750=EDGE_CURVE('',#2391,#2376,#301,.T.);
#2752=EDGE_CURVE('',#2375,#2376,#305,.T.);
#2754=EDGE_CURVE('',#2375,#2042,#309,.T.);
#2756=EDGE_CURVE('',#2041,#2042,#313,.T.);
#2758=EDGE_CURVE('',#2041,#1888,#317,.T.);
#2760=EDGE_CURVE('',#1888,#1899,#321,.T.);
#2762=EDGE_CURVE('',#1899,#1942,#697,.T.);
#2764=EDGE_CURVE('',#1942,#2046,#325,.T.);
#2766=EDGE_CURVE('',#2045,#2046,#329,.T.);
#2768=EDGE_CURVE('',#1944,#2045,#333,.T.);
#2770=EDGE_CURVE('',#1944,#2166,#718,.T.);
#2772=EDGE_CURVE('',#2166,#2172,#337,.T.);
#2775=EDGE_CURVE('',#2168,#2171,#345,.T.);
#2777=EDGE_CURVE('',#2168,#2196,#761,.T.);
#2779=EDGE_CURVE('',#2196,#2202,#349,.T.);
#2781=EDGE_CURVE('',#2201,#2202,#353,.T.);
#2783=EDGE_CURVE('',#2198,#2201,#357,.T.);
#2785=EDGE_CURVE('',#2198,#1895,#744,.T.);
#2787=EDGE_CURVE('',#1885,#1895,#1038,.T.);
#2789=EDGE_CURVE('',#1885,#2392,#361,.T.);
#2799=EDGE_CURVE('',#2379,#2380,#369,.T.);
#2801=EDGE_CURVE('',#2379,#2391,#365,.T.);
#2804=EDGE_CURVE('',#2380,#2392,#1705,.T.);
#2815=EDGE_CURVE('',#1853,#2380,#409,.T.);
#2818=EDGE_CURVE('',#1851,#1865,#373,.T.);
#2820=EDGE_CURVE('',#1865,#1867,#1729,.T.);
#2822=EDGE_CURVE('',#1997,#1867,#389,.T.);
#2824=EDGE_CURVE('',#1997,#1998,#377,.T.);
#2826=EDGE_CURVE('',#2363,#1998,#397,.T.);
#2828=EDGE_CURVE('',#2363,#2364,#381,.T.);
#2830=EDGE_CURVE('',#2379,#2364,#417,.T.);
#2840=EDGE_CURVE('',#2000,#1997,#385,.T.);
#2843=EDGE_CURVE('',#1867,#1869,#1725,.T.);
#2845=EDGE_CURVE('',#2000,#1869,#496,.T.);
#2855=EDGE_CURVE('',#2363,#2368,#393,.T.);
#2858=EDGE_CURVE('',#2002,#1998,#401,.T.);
#2860=EDGE_CURVE('',#2368,#2002,#429,.T.);
#2870=EDGE_CURVE('',#2380,#2382,#405,.T.);
#2872=EDGE_CURVE('',#1855,#2382,#500,.T.);
#2884=EDGE_CURVE('',#2379,#2384,#413,.T.);
#2887=EDGE_CURVE('',#2364,#2366,#421,.T.);
#2889=EDGE_CURVE('',#2384,#2366,#508,.T.);
#2900=EDGE_CURVE('',#2004,#2000,#492,.T.);
#2902=EDGE_CURVE('',#2004,#2041,#520,.T.);
#2904=EDGE_CURVE('',#1997,#2041,#1701,.T.);
#2914=EDGE_CURVE('',#2368,#2372,#425,.T.);
#2917=EDGE_CURVE('',#2006,#2002,#433,.T.);
#2919=EDGE_CURVE('',#2372,#2006,#437,.T.);
#2929=EDGE_CURVE('',#2382,#2386,#441,.T.);
#2931=EDGE_CURVE('',#1881,#2386,#445,.T.);
#2933=EDGE_CURVE('',#1880,#1881,#449,.T.);
#2935=EDGE_CURVE('',#2084,#1880,#453,.T.);
#2937=EDGE_CURVE('',#2088,#2084,#458,.T.);
#2939=EDGE_CURVE('',#2079,#2088,#462,.T.);
#2941=EDGE_CURVE('',#2083,#2079,#467,.T.);
#2943=EDGE_CURVE('',#1900,#2083,#471,.T.);
#2945=EDGE_CURVE('',#1904,#1900,#476,.T.);
#2947=EDGE_CURVE('',#1893,#1904,#480,.T.);
#2949=EDGE_CURVE('',#1892,#1893,#484,.T.);
#2951=EDGE_CURVE('',#2004,#1892,#488,.T.);
#2955=EDGE_CURVE('',#1869,#1858,#1721,.T.);
#2968=EDGE_CURVE('',#2384,#2388,#504,.T.);
#2971=EDGE_CURVE('',#2366,#2370,#512,.T.);
#2973=EDGE_CURVE('',#2388,#2370,#516,.T.);
#2985=EDGE_CURVE('',#2372,#2375,#528,.T.);
#2987=EDGE_CURVE('',#2363,#2375,#1713,.T.);
#2999=EDGE_CURVE('',#1892,#1888,#524,.T.);
#3012=EDGE_CURVE('',#2006,#2042,#532,.T.);
#3023=EDGE_CURVE('',#2386,#2392,#536,.T.);
#3026=EDGE_CURVE('',#1881,#1885,#1022,.T.);
#3037=EDGE_CURVE('',#2388,#2391,#540,.T.);
#3040=EDGE_CURVE('',#2370,#2376,#544,.T.);
#3051=EDGE_CURVE('',#1888,#1889,#564,.T.);
#3055=EDGE_CURVE('',#1893,#1889,#548,.T.);
#3065=EDGE_CURVE('',#1877,#1928,#585,.T.);
#3067=EDGE_CURVE('',#1928,#2049,#552,.T.);
#3069=EDGE_CURVE('',#2049,#2050,#556,.T.);
#3071=EDGE_CURVE('',#1930,#2050,#560,.T.);
#3073=EDGE_CURVE('',#1930,#1899,#701,.T.);
#3077=EDGE_CURVE('',#1889,#1877,#568,.T.);
#3087=EDGE_CURVE('',#1923,#1924,#572,.T.);
#3089=EDGE_CURVE('',#1924,#1926,#577,.T.);
#3091=EDGE_CURVE('',#1928,#1926,#581,.T.);
#3094=EDGE_CURVE('',#1876,#1877,#589,.T.);
#3096=EDGE_CURVE('',#1923,#1876,#594,.T.);
#3106=EDGE_CURVE('',#2105,#2106,#598,.T.);
#3108=EDGE_CURVE('',#2106,#2108,#603,.T.);
#3110=EDGE_CURVE('',#1917,#2108,#800,.T.);
#3112=EDGE_CURVE('',#1917,#1918,#608,.T.);
#3114=EDGE_CURVE('',#1918,#1920,#612,.T.);
#3116=EDGE_CURVE('',#1906,#1920,#617,.T.);
#3118=EDGE_CURVE('',#2072,#1906,#621,.T.);
#3120=EDGE_CURVE('',#2105,#2072,#626,.T.);
#3130=EDGE_CURVE('',#2129,#2130,#630,.T.);
#3132=EDGE_CURVE('',#2130,#2132,#635,.T.);
#3134=EDGE_CURVE('',#2132,#2134,#639,.T.);
#3136=EDGE_CURVE('',#2074,#2134,#644,.T.);
#3138=EDGE_CURVE('',#1897,#2074,#648,.T.);
#3140=EDGE_CURVE('',#2129,#1897,#652,.T.);
#3150=EDGE_CURVE('',#2137,#2138,#656,.T.);
#3152=EDGE_CURVE('',#2138,#2140,#661,.T.);
#3154=EDGE_CURVE('',#2099,#2140,#904,.T.);
#3156=EDGE_CURVE('',#2099,#2100,#666,.T.);
#3158=EDGE_CURVE('',#2100,#2102,#670,.T.);
#3160=EDGE_CURVE('',#2078,#2102,#675,.T.);
#3162=EDGE_CURVE('',#2077,#2078,#679,.T.);
#3164=EDGE_CURVE('',#2137,#2077,#684,.T.);
#3174=EDGE_CURVE('',#1939,#1940,#689,.T.);
#3176=EDGE_CURVE('',#1942,#1940,#693,.T.);
#3180=EDGE_CURVE('',#1930,#1939,#705,.T.);
#3190=EDGE_CURVE('',#2163,#2164,#710,.T.);
#3192=EDGE_CURVE('',#2166,#2164,#714,.T.);
#3195=EDGE_CURVE('',#1944,#1935,#722,.T.);
#3197=EDGE_CURVE('',#1935,#1936,#727,.T.);
#3199=EDGE_CURVE('',#2163,#1936,#1385,.T.);
#3209=EDGE_CURVE('',#2189,#2190,#732,.T.);
#3211=EDGE_CURVE('',#2190,#2146,#736,.T.);
#3213=EDGE_CURVE('',#1895,#2146,#740,.T.);
#3216=EDGE_CURVE('',#2198,#2189,#748,.T.);
#3226=EDGE_CURVE('',#2193,#2194,#753,.T.);
#3228=EDGE_CURVE('',#2196,#2194,#757,.T.);
#3231=EDGE_CURVE('',#2168,#2159,#765,.T.);
#3233=EDGE_CURVE('',#2159,#2160,#770,.T.);
#3235=EDGE_CURVE('',#2193,#2160,#1092,.T.);
#3246=EDGE_CURVE('',#1923,#2054,#783,.T.);
#3248=EDGE_CURVE('',#2054,#1913,#873,.T.);
#3250=EDGE_CURVE('',#1924,#1913,#1693,.T.);
#3261=EDGE_CURVE('',#1920,#2053,#774,.T.);
#3263=EDGE_CURVE('',#2053,#2054,#779,.T.);
#3267=EDGE_CURVE('',#1876,#1903,#938,.T.);
#3269=EDGE_CURVE('',#1903,#1901,#788,.T.);
#3271=EDGE_CURVE('',#1906,#1901,#950,.T.);
#3282=EDGE_CURVE('',#1918,#1910,#792,.T.);
#3284=EDGE_CURVE('',#1910,#2053,#877,.T.);
#3296=EDGE_CURVE('',#1917,#1909,#796,.T.);
#3298=EDGE_CURVE('',#1909,#1910,#882,.T.);
#3310=EDGE_CURVE('',#2108,#2096,#804,.T.);
#3312=EDGE_CURVE('',#2096,#1909,#808,.T.);
#3324=EDGE_CURVE('',#2106,#2095,#812,.T.);
#3326=EDGE_CURVE('',#2095,#2096,#887,.T.);
#3338=EDGE_CURVE('',#2105,#2118,#821,.T.);
#3340=EDGE_CURVE('',#2118,#2095,#891,.T.);
#3351=EDGE_CURVE('',#2117,#2118,#817,.T.);
#3355=EDGE_CURVE('',#2072,#2082,#946,.T.);
#3357=EDGE_CURVE('',#2082,#2080,#826,.T.);
#3359=EDGE_CURVE('',#2078,#2080,#974,.T.);
#3362=EDGE_CURVE('',#2102,#2117,#830,.T.);
#3372=EDGE_CURVE('',#2126,#2091,#912,.T.);
#3374=EDGE_CURVE('',#2125,#2126,#835,.T.);
#3376=EDGE_CURVE('',#2156,#2125,#839,.T.);
#3378=EDGE_CURVE('',#2155,#2156,#921,.T.);
#3380=EDGE_CURVE('',#2122,#2155,#843,.T.);
#3382=EDGE_CURVE('',#2121,#2122,#848,.T.);
#3384=EDGE_CURVE('',#2143,#2121,#852,.T.);
#3386=EDGE_CURVE('',#2143,#2144,#1026,.T.);
#3388=EDGE_CURVE('',#2152,#2144,#856,.T.);
#3390=EDGE_CURVE('',#2152,#2149,#1150,.T.);
#3392=EDGE_CURVE('',#2149,#2150,#1122,.T.);
#3394=EDGE_CURVE('',#2114,#2150,#1104,.T.);
#3397=EDGE_CURVE('',#2111,#2112,#1368,.T.);
#3399=EDGE_CURVE('',#2062,#2112,#1397,.T.);
#3401=EDGE_CURVE('',#2062,#1932,#1472,.T.);
#3403=EDGE_CURVE('',#1932,#2056,#1449,.T.);
#3405=EDGE_CURVE('',#2050,#2056,#860,.T.);
#3408=EDGE_CURVE('',#1914,#2049,#864,.T.);
#3410=EDGE_CURVE('',#1913,#1914,#869,.T.);
#3420=EDGE_CURVE('',#2092,#2117,#895,.T.);
#3422=EDGE_CURVE('',#2091,#2092,#900,.T.);
#3433=EDGE_CURVE('',#2140,#2126,#908,.T.);
#3436=EDGE_CURVE('',#2099,#2091,#1350,.T.);
#3447=EDGE_CURVE('',#2138,#2125,#916,.T.);
#3460=EDGE_CURVE('',#2137,#2156,#925,.T.);
#3475=EDGE_CURVE('',#2077,#2087,#970,.T.);
#3477=EDGE_CURVE('',#2087,#2085,#930,.T.);
#3479=EDGE_CURVE('',#2074,#2085,#958,.T.);
#3482=EDGE_CURVE('',#2134,#2155,#934,.T.);
#3495=EDGE_CURVE('',#1889,#1903,#942,.T.);
#3508=EDGE_CURVE('',#1901,#2082,#954,.T.);
#3519=EDGE_CURVE('',#2085,#1884,#962,.T.);
#3521=EDGE_CURVE('',#1884,#1897,#966,.T.);
#3535=EDGE_CURVE('',#2080,#2087,#978,.T.);
#3545=EDGE_CURVE('',#1903,#1904,#984,.T.);
#3558=EDGE_CURVE('',#2082,#2083,#990,.T.);
#3561=EDGE_CURVE('',#1900,#1901,#996,.T.);
#3572=EDGE_CURVE('',#2084,#2085,#1002,.T.);
#3575=EDGE_CURVE('',#1880,#1884,#1006,.T.);
#3586=EDGE_CURVE('',#2087,#2088,#1012,.T.);
#3589=EDGE_CURVE('',#2079,#2080,#1018,.T.);
#3638=EDGE_CURVE('',#1884,#1885,#1034,.T.);
#3650=EDGE_CURVE('',#2129,#2143,#1030,.T.);
#3657=EDGE_CURVE('',#2146,#2144,#1042,.T.);
#3670=EDGE_CURVE('',#2130,#2121,#1046,.T.);
#3683=EDGE_CURVE('',#2132,#2122,#1050,.T.);
#3705=EDGE_CURVE('',#2208,#2212,#1054,.T.);
#3707=EDGE_CURVE('',#2208,#2152,#1154,.T.);
#3712=EDGE_CURVE('',#2190,#2212,#1058,.T.);
#3723=EDGE_CURVE('',#2216,#2202,#1062,.T.);
#3725=EDGE_CURVE('',#2210,#2216,#1067,.T.);
#3727=EDGE_CURVE('',#2205,#2210,#1084,.T.);
#3729=EDGE_CURVE('',#2205,#2206,#1113,.T.);
#3731=EDGE_CURVE('',#2206,#2208,#1132,.T.);
#3734=EDGE_CURVE('',#2214,#2212,#1072,.T.);
#3736=EDGE_CURVE('',#2201,#2214,#1076,.T.);
#3747=EDGE_CURVE('',#2194,#2216,#1080,.T.);
#3760=EDGE_CURVE('',#2193,#2210,#1088,.T.);
#3775=EDGE_CURVE('',#2160,#2182,#1096,.T.);
#3780=EDGE_CURVE('',#2205,#2150,#1117,.T.);
#3791=EDGE_CURVE('',#2159,#2184,#1108,.T.);
#3818=EDGE_CURVE('',#2069,#2149,#1145,.T.);
#3820=EDGE_CURVE('',#2069,#2070,#1127,.T.);
#3822=EDGE_CURVE('',#2070,#2206,#1136,.T.);
#3834=EDGE_CURVE('',#2069,#2070,#1141,.T.);
#3851=EDGE_CURVE('',#2283,#2284,#1158,.T.);
#3853=EDGE_CURVE('',#2283,#2287,#1162,.T.);
#3855=EDGE_CURVE('',#2287,#2288,#1166,.T.);
#3857=EDGE_CURVE('',#2284,#2288,#1170,.T.);
#3867=EDGE_CURVE('',#2331,#2332,#1174,.T.);
#3869=EDGE_CURVE('',#2331,#2283,#1178,.T.);
#3872=EDGE_CURVE('',#2284,#2332,#1182,.T.);
#3882=EDGE_CURVE('',#2347,#2348,#1186,.T.);
#3884=EDGE_CURVE('',#2347,#2292,#1190,.T.);
#3886=EDGE_CURVE('',#2291,#2292,#1294,.T.);
#3888=EDGE_CURVE('',#2291,#2348,#1194,.T.);
#3899=EDGE_CURVE('',#2336,#2332,#1202,.T.);
#3901=EDGE_CURVE('',#2335,#2336,#1234,.T.);
#3903=EDGE_CURVE('',#2331,#2335,#1254,.T.);
#3913=EDGE_CURVE('',#2344,#2332,#1206,.T.);
#3915=EDGE_CURVE('',#2344,#2342,#1198,.T.);
#3917=EDGE_CURVE('',#2342,#2336,#1238,.T.);
#3931=EDGE_CURVE('',#2288,#2344,#1214,.T.);
#3941=EDGE_CURVE('',#2344,#2340,#1210,.T.);
#3945=EDGE_CURVE('',#2340,#2287,#1218,.T.);
#3955=EDGE_CURVE('',#2360,#2356,#1222,.T.);
#3957=EDGE_CURVE('',#2295,#2360,#1226,.T.);
#3959=EDGE_CURVE('',#2295,#2296,#1302,.T.);
#3961=EDGE_CURVE('',#2356,#2296,#1230,.T.);
#3971=EDGE_CURVE('',#2342,#2338,#1242,.T.);
#3975=EDGE_CURVE('',#2338,#2340,#1250,.T.);
#3988=EDGE_CURVE('',#2338,#2335,#1246,.T.);
#4000=EDGE_CURVE('',#2340,#2331,#1258,.T.);
#4023=EDGE_CURVE('',#2358,#2354,#1270,.T.);
#4025=EDGE_CURVE('',#2360,#2358,#1282,.T.);
#4028=EDGE_CURVE('',#2354,#2356,#1338,.T.);
#4038=EDGE_CURVE('',#2351,#2352,#1262,.T.);
#4040=EDGE_CURVE('',#2358,#2352,#1266,.T.);
#4043=EDGE_CURVE('',#2354,#2351,#1274,.T.);
#4054=EDGE_CURVE('',#2348,#2352,#1278,.T.);
#4057=EDGE_CURVE('',#2347,#2351,#1342,.T.);
#4067=EDGE_CURVE('',#2360,#2348,#1286,.T.);
#4082=EDGE_CURVE('',#2291,#2295,#1306,.T.);
#4094=EDGE_CURVE('',#2244,#2250,#1290,.T.);
#4096=EDGE_CURVE('',#2250,#2252,#1318,.T.);
#4098=EDGE_CURVE('',#2246,#2252,#1330,.T.);
#4103=EDGE_CURVE('',#2292,#2296,#1298,.T.);
#4116=EDGE_CURVE('',#2243,#2249,#1310,.T.);
#4118=EDGE_CURVE('',#2249,#2250,#1322,.T.);
#4130=EDGE_CURVE('',#2264,#2249,#1326,.T.);
#4143=EDGE_CURVE('',#2252,#2260,#1314,.T.);
#4169=EDGE_CURVE('',#2356,#2347,#1334,.T.);
#4195=EDGE_CURVE('',#2189,#2214,#1346,.T.);
#4222=EDGE_CURVE('',#2100,#2092,#1354,.T.);
#4245=EDGE_CURVE('',#2175,#2112,#1363,.T.);
#4260=EDGE_CURVE('',#2163,#2176,#1381,.T.);
#4263=EDGE_CURVE('',#1946,#1936,#1389,.T.);
#4265=EDGE_CURVE('',#2058,#1946,#1393,.T.);
#4267=EDGE_CURVE('',#2058,#2062,#1476,.T.);
#4282=EDGE_CURVE('',#2164,#2186,#1401,.T.);
#4305=EDGE_CURVE('',#1935,#1952,#1405,.T.);
#4307=EDGE_CURVE('',#1952,#1946,#1419,.T.);
#4320=EDGE_CURVE('',#2045,#1952,#1423,.T.);
#4332=EDGE_CURVE('',#1954,#2046,#1409,.T.);
#4334=EDGE_CURVE('',#1948,#1954,#1414,.T.);
#4336=EDGE_CURVE('',#2060,#1948,#1435,.T.);
#4338=EDGE_CURVE('',#2060,#1950,#1440,.T.);
#4340=EDGE_CURVE('',#1950,#2058,#1481,.T.);
#4354=EDGE_CURVE('',#1940,#1954,#1427,.T.);
#4367=EDGE_CURVE('',#1948,#1939,#1431,.T.);
#4383=EDGE_CURVE('',#2060,#2056,#1444,.T.);
#4394=EDGE_CURVE('',#1873,#1950,#1458,.T.);
#4399=EDGE_CURVE('',#1872,#1932,#1467,.T.);
#4401=EDGE_CURVE('',#1872,#1873,#1454,.T.);
#4412=EDGE_CURVE('',#1872,#1873,#1463,.T.);
#4430=EDGE_CURVE('',#1981,#1982,#1485,.T.);
#4432=EDGE_CURVE('',#1981,#1985,#1489,.T.);
#4434=EDGE_CURVE('',#1985,#1986,#1493,.T.);
#4436=EDGE_CURVE('',#1982,#1986,#1497,.T.);
#4446=EDGE_CURVE('',#2009,#2010,#1501,.T.);
#4448=EDGE_CURVE('',#2009,#1981,#1505,.T.);
#4451=EDGE_CURVE('',#1982,#2010,#1509,.T.);
#4461=EDGE_CURVE('',#2025,#2026,#1513,.T.);
#4463=EDGE_CURVE('',#2025,#1990,#1517,.T.);
#4465=EDGE_CURVE('',#1989,#1990,#1621,.T.);
#4467=EDGE_CURVE('',#1989,#2026,#1521,.T.);
#4478=EDGE_CURVE('',#2014,#2010,#1529,.T.);
#4480=EDGE_CURVE('',#2013,#2014,#1561,.T.);
#4482=EDGE_CURVE('',#2009,#2013,#1581,.T.);
#4492=EDGE_CURVE('',#2022,#2010,#1533,.T.);
#4494=EDGE_CURVE('',#2022,#2020,#1525,.T.);
#4496=EDGE_CURVE('',#2020,#2014,#1565,.T.);
#4510=EDGE_CURVE('',#1986,#2022,#1541,.T.);
#4520=EDGE_CURVE('',#2022,#2018,#1537,.T.);
#4524=EDGE_CURVE('',#2018,#1985,#1545,.T.);
#4534=EDGE_CURVE('',#2038,#2034,#1549,.T.);
#4536=EDGE_CURVE('',#1992,#2038,#1553,.T.);
#4538=EDGE_CURVE('',#1992,#1994,#1629,.T.);
#4540=EDGE_CURVE('',#2034,#1994,#1557,.T.);
#4550=EDGE_CURVE('',#2020,#2016,#1569,.T.);
#4554=EDGE_CURVE('',#2016,#2018,#1577,.T.);
#4567=EDGE_CURVE('',#2016,#2013,#1573,.T.);
#4579=EDGE_CURVE('',#2018,#2009,#1585,.T.);
#4602=EDGE_CURVE('',#2036,#2032,#1597,.T.);
#4604=EDGE_CURVE('',#2038,#2036,#1609,.T.);
#4607=EDGE_CURVE('',#2032,#2034,#1681,.T.);
#4617=EDGE_CURVE('',#2029,#2030,#1589,.T.);
#4619=EDGE_CURVE('',#2036,#2030,#1593,.T.);
#4622=EDGE_CURVE('',#2032,#2029,#1601,.T.);
#4633=EDGE_CURVE('',#2026,#2030,#1605,.T.);
#4636=EDGE_CURVE('',#2025,#2029,#1685,.T.);
#4646=EDGE_CURVE('',#2038,#2026,#1613,.T.);
#4661=EDGE_CURVE('',#1992,#1989,#1633,.T.);
#4672=EDGE_CURVE('',#1958,#1960,#1645,.T.);
#4674=EDGE_CURVE('',#1958,#1964,#1617,.T.);
#4676=EDGE_CURVE('',#1964,#1966,#1657,.T.);
#4678=EDGE_CURVE('',#1960,#1966,#1669,.T.);
#4683=EDGE_CURVE('',#1994,#1990,#1625,.T.);
#4697=EDGE_CURVE('',#1976,#1957,#1637,.T.);
#4699=EDGE_CURVE('',#1957,#1958,#1641,.T.);
#4702=EDGE_CURVE('',#1960,#1970,#1649,.T.);
#4713=EDGE_CURVE('',#1978,#1963,#1665,.T.);
#4715=EDGE_CURVE('',#1957,#1963,#1673,.T.);
#4727=EDGE_CURVE('',#1966,#1974,#1653,.T.);
#4730=EDGE_CURVE('',#1963,#1964,#1661,.T.);
#4766=EDGE_CURVE('',#2034,#2025,#1677,.T.);
#4792=EDGE_CURVE('',#1926,#1914,#1689,.T.);
#4817=EDGE_CURVE('',#1998,#2042,#1697,.T.);
#4866=EDGE_CURVE('',#2364,#2376,#1709,.T.);
#4894=EDGE_CURVE('',#1863,#1865,#1733,.T.);
#4896=EDGE_CURVE('',#1861,#1863,#1737,.T.);
#4908=EDGE_CURVE('',#1849,#1863,#1745,.T.);
#4932=EDGE_CURVE('',#2308,#2299,#1753,.T.);
#4934=EDGE_CURVE('',#2308,#2271,#1789,.T.);
#4946=EDGE_CURVE('',#2306,#2303,#1777,.T.);
#4948=EDGE_CURVE('',#2306,#2308,#1757,.T.);
#4962=EDGE_CURVE('',#2310,#2306,#1773,.T.);
#4975=EDGE_CURVE('',#2312,#2308,#1781,.T.);
#4998=EDGE_CURVE('',#2328,#2324,#1793,.T.);
#5000=EDGE_CURVE('',#2279,#2328,#1797,.T.);
#5003=EDGE_CURVE('',#2324,#2280,#1801,.T.);
#5013=EDGE_CURVE('',#2326,#2322,#1813,.T.);
#5015=EDGE_CURVE('',#2328,#2326,#1825,.T.);
#5018=EDGE_CURVE('',#2322,#2324,#1833,.T.);
#5028=EDGE_CURVE('',#2319,#2320,#1805,.T.);
#5030=EDGE_CURVE('',#2326,#2320,#1809,.T.);
#5033=EDGE_CURVE('',#2322,#2319,#1817,.T.);
#5044=EDGE_CURVE('',#2316,#2320,#1821,.T.);
#5047=EDGE_CURVE('',#2315,#2319,#1837,.T.);
#5057=EDGE_CURVE('',#2328,#2316,#1829,.T.);
#5084=EDGE_CURVE('',#2324,#2315,#1841,.T.);
#5112=TRIMMED_CURVE('A_23',#5111,(PARAMETER_VALUE(0.E0)),(PARAMETER_VALUE
(1.E0)),.T.,.UNSPECIFIED.);
#5118=TRIMMED_CURVE('A_28',#5117,(PARAMETER_VALUE(0.E0)),(PARAMETER_VALUE
(1.E0)),.T.,.UNSPECIFIED.);
#5123=TRIMMED_CURVE('A_29',#5122,(PARAMETER_VALUE(0.E0)),(PARAMETER_VALUE
(1.E0)),.T.,.UNSPECIFIED.);
#5128=CIRCLE('',#5127,2.75E-2);
#5129=TRIMMED_CURVE('',#5128,(PARAMETER_VALUE(0.E0)),(PARAMETER_VALUE(1.8E2)),
.T.,.UNSPECIFIED.);
#5130=COMPOSITE_CURVE_SEGMENT(.CONTINUOUS.,.T.,#5129);
#5135=CIRCLE('',#5134,2.75E-2);
#5136=TRIMMED_CURVE('',#5135,(PARAMETER_VALUE(0.E0)),(PARAMETER_VALUE(1.8E2)),
.T.,.UNSPECIFIED.);
#5137=COMPOSITE_CURVE_SEGMENT(.CONTINUOUS.,.T.,#5136);
#5138=COMPOSITE_CURVE('',(#5130,#5137),.F.);
#5143=CIRCLE('',#5142,2.75E-2);
#5144=TRIMMED_CURVE('',#5143,(PARAMETER_VALUE(0.E0)),(PARAMETER_VALUE(1.8E2)),
.T.,.UNSPECIFIED.);
#5145=COMPOSITE_CURVE_SEGMENT(.CONTINUOUS.,.T.,#5144);
#5150=CIRCLE('',#5149,2.75E-2);
#5151=TRIMMED_CURVE('',#5150,(PARAMETER_VALUE(0.E0)),(PARAMETER_VALUE(1.8E2)),
.T.,.UNSPECIFIED.);
#5152=COMPOSITE_CURVE_SEGMENT(.CONTINUOUS.,.T.,#5151);
#5153=COMPOSITE_CURVE('',(#5145,#5152),.F.);
#5158=CIRCLE('',#5157,2.75E-2);
#5159=TRIMMED_CURVE('',#5158,(PARAMETER_VALUE(0.E0)),(PARAMETER_VALUE(1.8E2)),
.T.,.UNSPECIFIED.);
#5160=COMPOSITE_CURVE_SEGMENT(.CONTINUOUS.,.T.,#5159);
#5165=CIRCLE('',#5164,2.75E-2);
#5166=TRIMMED_CURVE('',#5165,(PARAMETER_VALUE(0.E0)),(PARAMETER_VALUE(1.8E2)),
.T.,.UNSPECIFIED.);
#5167=COMPOSITE_CURVE_SEGMENT(.CONTINUOUS.,.T.,#5166);
#5168=COMPOSITE_CURVE('',(#5160,#5167),.F.);
#5170=(LENGTH_UNIT()NAMED_UNIT(*)SI_UNIT(.MILLI.,.METRE.));
#5174=(NAMED_UNIT(*)PLANE_ANGLE_UNIT()SI_UNIT($,.RADIAN.));
#5177=(NAMED_UNIT(*)SI_UNIT($,.STERADIAN.)SOLID_ANGLE_UNIT());
#5180=ADVANCED_BREP_SHAPE_REPRESENTATION('',(#5103),#5179);
#5181=GEOMETRICALLY_BOUNDED_SURFACE_SHAPE_REPRESENTATION('',(#5113),#5179);
#5182=SHAPE_REPRESENTATION('',(#5107),#5179);
#5191=PRODUCT_DEFINITION('design','',#5190,#5187);
#5192=PRODUCT_DEFINITION_SHAPE('','SHAPE FOR 395221003.',#5191);
#5193=SHAPE_DEFINITION_REPRESENTATION(#5192,#5182);
ENDSEC;
END-ISO-10303-21;
